experiment,feature_set,endpoint,model,repeat,fold,n_total,n_pos,pos_rate,roc_auc,avg_prec,mcc,bal_acc,best_params
Exp A,TxP_PFAS,AR_antagonist,RandomForest,0,0,573,159,0.2775,0.5713,0.3765,0.1608,0.5756,"{'max_features': 'sqrt', 'n_estimators': 200}"
Exp A,TxP_PFAS,AR_antagonist,GradientBoosting,0,0,573,159,0.2775,0.5518,0.34,0.1069,0.5546,"{'learning_rate': 0.05, 'max_depth': 3}"
Exp A,TxP_PFAS,AR_antagonist,RandomForest,0,1,573,159,0.2775,0.5368,0.3203,0.0731,0.5402,"{'max_features': 'sqrt', 'n_estimators': 400}"
Exp A,TxP_PFAS,AR_antagonist,GradientBoosting,0,1,573,159,0.2775,0.5872,0.3474,0.0832,0.5453,"{'learning_rate': 0.05, 'max_depth': 3}"
Exp A,TxP_PFAS,AR_antagonist,RandomForest,0,2,573,159,0.2775,0.6507,0.4069,0.2197,0.6148,"{'max_features': 0.2, 'n_estimators': 200}"
Exp A,TxP_PFAS,AR_antagonist,GradientBoosting,0,2,573,159,0.2775,0.6455,0.3996,0.1948,0.6077,"{'learning_rate': 0.1, 'max_depth': 5}"
Exp A,TxP_PFAS,AR_antagonist,RandomForest,1,0,573,159,0.2775,0.6725,0.4282,0.2514,0.625,"{'max_features': 0.2, 'n_estimators': 400}"
Exp A,TxP_PFAS,AR_antagonist,GradientBoosting,1,0,573,159,0.2775,0.6207,0.3847,0.2119,0.6112,"{'learning_rate': 0.05, 'max_depth': 5}"
Exp A,TxP_PFAS,AR_antagonist,RandomForest,1,1,573,159,0.2775,0.5856,0.364,0.189,0.6004,"{'max_features': 0.2, 'n_estimators': 400}"
Exp A,TxP_PFAS,AR_antagonist,GradientBoosting,1,1,573,159,0.2775,0.6164,0.4212,0.1988,0.6091,"{'learning_rate': 0.05, 'max_depth': 3}"
Exp A,TxP_PFAS,AR_antagonist,RandomForest,1,2,573,159,0.2775,0.6302,0.3698,0.216,0.6039,"{'max_features': 'sqrt', 'n_estimators': 200}"
Exp A,TxP_PFAS,AR_antagonist,GradientBoosting,1,2,573,159,0.2775,0.6384,0.3832,0.2008,0.6084,"{'learning_rate': 0.1, 'max_depth': 5}"
Exp A,TxP_PFAS,AR_antagonist,RandomForest,2,0,573,159,0.2775,0.6175,0.4014,0.2041,0.6076,"{'max_features': 0.2, 'n_estimators': 400}"
Exp A,TxP_PFAS,AR_antagonist,GradientBoosting,2,0,573,159,0.2775,0.6261,0.4203,0.2305,0.6228,"{'learning_rate': 0.05, 'max_depth': 5}"
Exp A,TxP_PFAS,AR_antagonist,RandomForest,2,1,573,159,0.2775,0.5751,0.3513,0.0783,0.5394,"{'max_features': 0.2, 'n_estimators': 200}"
Exp A,TxP_PFAS,AR_antagonist,GradientBoosting,2,1,573,159,0.2775,0.5697,0.3754,0.0803,0.5423,"{'learning_rate': 0.05, 'max_depth': 3}"
Exp A,TxP_PFAS,AR_antagonist,RandomForest,2,2,573,159,0.2775,0.561,0.3569,0.16,0.5829,"{'max_features': 0.2, 'n_estimators': 400}"
Exp A,TxP_PFAS,AR_antagonist,GradientBoosting,2,2,573,159,0.2775,0.5767,0.3577,0.1198,0.5626,"{'learning_rate': 0.1, 'max_depth': 3}"
Exp A,TxP_PFAS,AR_antagonist,RandomForest,3,0,573,159,0.2775,0.5806,0.3706,0.1756,0.5902,"{'max_features': 'sqrt', 'n_estimators': 400}"
Exp A,TxP_PFAS,AR_antagonist,GradientBoosting,3,0,573,159,0.2775,0.6034,0.3967,0.2025,0.6054,"{'learning_rate': 0.1, 'max_depth': 5}"
Exp A,TxP_PFAS,AR_antagonist,RandomForest,3,1,573,159,0.2775,0.6522,0.3956,0.207,0.6003,"{'max_features': 0.2, 'n_estimators': 400}"
Exp A,TxP_PFAS,AR_antagonist,GradientBoosting,3,1,573,159,0.2775,0.6367,0.3709,0.2212,0.617,"{'learning_rate': 0.1, 'max_depth': 5}"
Exp A,TxP_PFAS,AR_antagonist,RandomForest,3,2,573,159,0.2775,0.5776,0.346,0.0948,0.5496,"{'max_features': 0.2, 'n_estimators': 400}"
Exp A,TxP_PFAS,AR_antagonist,GradientBoosting,3,2,573,159,0.2775,0.6211,0.3836,0.1298,0.5684,"{'learning_rate': 0.1, 'max_depth': 3}"
Exp A,TxP_PFAS,AR_antagonist,RandomForest,4,0,573,159,0.2775,0.5939,0.3558,0.2091,0.6068,"{'max_features': 0.2, 'n_estimators': 400}"
Exp A,TxP_PFAS,AR_antagonist,GradientBoosting,4,0,573,159,0.2775,0.5877,0.3602,0.1741,0.5931,"{'learning_rate': 0.05, 'max_depth': 5}"
Exp A,TxP_PFAS,AR_antagonist,RandomForest,4,1,573,159,0.2775,0.6157,0.3889,0.157,0.5837,"{'max_features': 'sqrt', 'n_estimators': 400}"
Exp A,TxP_PFAS,AR_antagonist,GradientBoosting,4,1,573,159,0.2775,0.604,0.3715,0.1741,0.5931,"{'learning_rate': 0.05, 'max_depth': 5}"
Exp A,TxP_PFAS,AR_antagonist,RandomForest,4,2,573,159,0.2775,0.6064,0.3834,0.243,0.6235,"{'max_features': 'sqrt', 'n_estimators': 200}"
Exp A,TxP_PFAS,AR_antagonist,GradientBoosting,4,2,573,159,0.2775,0.5152,0.3261,0.1886,0.5865,"{'learning_rate': 0.05, 'max_depth': 5}"
Exp A,PFG_binary,AR_antagonist,RandomForest,0,0,573,159,0.2775,0.5254,0.3477,0.1447,0.5705,"{'max_features': 0.2, 'n_estimators': 400}"
Exp A,PFG_binary,AR_antagonist,GradientBoosting,0,0,573,159,0.2775,0.5148,0.3306,0.1498,0.5632,"{'learning_rate': 0.05, 'max_depth': 3}"
Exp A,PFG_binary,AR_antagonist,RandomForest,0,1,573,159,0.2775,0.5898,0.3572,0.1382,0.575,"{'max_features': 0.2, 'n_estimators': 400}"
Exp A,PFG_binary,AR_antagonist,GradientBoosting,0,1,573,159,0.2775,0.5581,0.3369,0.1982,0.5967,"{'learning_rate': 0.05, 'max_depth': 3}"
Exp A,PFG_binary,AR_antagonist,RandomForest,0,2,573,159,0.2775,0.6179,0.3901,0.225,0.6097,"{'max_features': 'sqrt', 'n_estimators': 400}"
Exp A,PFG_binary,AR_antagonist,GradientBoosting,0,2,573,159,0.2775,0.6393,0.4182,0.1918,0.6055,"{'learning_rate': 0.05, 'max_depth': 3}"
Exp A,PFG_binary,AR_antagonist,RandomForest,1,0,573,159,0.2775,0.5591,0.3662,0.1916,0.5974,"{'max_features': 0.2, 'n_estimators': 400}"
Exp A,PFG_binary,AR_antagonist,GradientBoosting,1,0,573,159,0.2775,0.5673,0.3768,0.1211,0.5656,"{'learning_rate': 0.05, 'max_depth': 3}"
Exp A,PFG_binary,AR_antagonist,RandomForest,1,1,573,159,0.2775,0.5999,0.384,0.1792,0.5975,"{'max_features': 'sqrt', 'n_estimators': 400}"
Exp A,PFG_binary,AR_antagonist,GradientBoosting,1,1,573,159,0.2775,0.6151,0.392,0.181,0.5894,"{'learning_rate': 0.1, 'max_depth': 3}"
Exp A,PFG_binary,AR_antagonist,RandomForest,1,2,573,159,0.2775,0.6112,0.377,0.2252,0.6075,"{'max_features': 'sqrt', 'n_estimators': 200}"
Exp A,PFG_binary,AR_antagonist,GradientBoosting,1,2,573,159,0.2775,0.5891,0.3653,0.2074,0.5959,"{'learning_rate': 0.1, 'max_depth': 3}"
Exp A,PFG_binary,AR_antagonist,RandomForest,2,0,573,159,0.2775,0.5848,0.427,0.0901,0.5496,"{'max_features': 'sqrt', 'n_estimators': 200}"
Exp A,PFG_binary,AR_antagonist,GradientBoosting,2,0,573,159,0.2775,0.5736,0.3918,0.0901,0.5496,"{'learning_rate': 0.1, 'max_depth': 3}"
Exp A,PFG_binary,AR_antagonist,RandomForest,2,1,573,159,0.2775,0.5449,0.3607,0.1146,0.5582,"{'max_features': 0.2, 'n_estimators': 200}"
Exp A,PFG_binary,AR_antagonist,GradientBoosting,2,1,573,159,0.2775,0.5511,0.3545,0.1699,0.5792,"{'learning_rate': 0.05, 'max_depth': 3}"
Exp A,PFG_binary,AR_antagonist,RandomForest,2,2,573,159,0.2775,0.5122,0.3364,0.1124,0.559,"{'max_features': 0.2, 'n_estimators': 200}"
Exp A,PFG_binary,AR_antagonist,GradientBoosting,2,2,573,159,0.2775,0.5396,0.3375,0.0568,0.5315,"{'learning_rate': 0.05, 'max_depth': 3}"
Exp A,PFG_binary,AR_antagonist,RandomForest,3,0,573,159,0.2775,0.6032,0.3913,0.1998,0.601,"{'max_features': 0.2, 'n_estimators': 400}"
Exp A,PFG_binary,AR_antagonist,GradientBoosting,3,0,573,159,0.2775,0.5898,0.3728,0.1774,0.5924,"{'learning_rate': 0.1, 'max_depth': 3}"
Exp A,PFG_binary,AR_antagonist,RandomForest,3,1,573,159,0.2775,0.604,0.404,0.193,0.5996,"{'max_features': 'sqrt', 'n_estimators': 200}"
Exp A,PFG_binary,AR_antagonist,GradientBoosting,3,1,573,159,0.2775,0.5878,0.3726,0.1482,0.5808,"{'learning_rate': 0.1, 'max_depth': 3}"
Exp A,PFG_binary,AR_antagonist,RandomForest,3,2,573,159,0.2775,0.5408,0.3664,0.1181,0.5634,"{'max_features': 0.2, 'n_estimators': 200}"
Exp A,PFG_binary,AR_antagonist,GradientBoosting,3,2,573,159,0.2775,0.5952,0.3661,0.227,0.6032,"{'learning_rate': 0.1, 'max_depth': 3}"
Exp A,PFG_binary,AR_antagonist,RandomForest,4,0,573,159,0.2775,0.6023,0.3706,0.2104,0.609,"{'max_features': 'sqrt', 'n_estimators': 400}"
Exp A,PFG_binary,AR_antagonist,GradientBoosting,4,0,573,159,0.2775,0.5795,0.3964,0.107,0.5591,"{'learning_rate': 0.05, 'max_depth': 3}"
Exp A,PFG_binary,AR_antagonist,RandomForest,4,1,573,159,0.2775,0.6058,0.3926,0.2119,0.6112,"{'max_features': 0.2, 'n_estimators': 400}"
Exp A,PFG_binary,AR_antagonist,GradientBoosting,4,1,573,159,0.2775,0.5805,0.3458,0.1895,0.593,"{'learning_rate': 0.1, 'max_depth': 3}"
Exp A,PFG_binary,AR_antagonist,RandomForest,4,2,573,159,0.2775,0.5711,0.3526,0.216,0.6039,"{'max_features': 'sqrt', 'n_estimators': 200}"
Exp A,PFG_binary,AR_antagonist,GradientBoosting,4,2,573,159,0.2775,0.5187,0.331,0.1791,0.5829,"{'learning_rate': 0.1, 'max_depth': 3}"
Exp A,PFG_binary+mol,AR_antagonist,RandomForest,0,0,573,159,0.2775,0.6035,0.3946,0.1296,0.556,"{'max_features': 0.2, 'n_estimators': 200}"
Exp A,PFG_binary+mol,AR_antagonist,GradientBoosting,0,0,573,159,0.2775,0.6099,0.43,0.2119,0.6112,"{'learning_rate': 0.05, 'max_depth': 3}"
Exp A,PFG_binary+mol,AR_antagonist,RandomForest,0,1,573,159,0.2775,0.612,0.3858,0.1363,0.5669,"{'max_features': 0.2, 'n_estimators': 200}"
Exp A,PFG_binary+mol,AR_antagonist,GradientBoosting,0,1,573,159,0.2775,0.652,0.4125,0.2706,0.6432,"{'learning_rate': 0.05, 'max_depth': 5}"
Exp A,PFG_binary+mol,AR_antagonist,RandomForest,0,2,573,159,0.2775,0.6373,0.442,0.2441,0.6148,"{'max_features': 'sqrt', 'n_estimators': 200}"
Exp A,PFG_binary+mol,AR_antagonist,GradientBoosting,0,2,573,159,0.2775,0.703,0.5183,0.3066,0.6664,"{'learning_rate': 0.05, 'max_depth': 3}"
Exp A,PFG_binary+mol,AR_antagonist,RandomForest,1,0,573,159,0.2775,0.641,0.4531,0.207,0.5981,"{'max_features': 'sqrt', 'n_estimators': 400}"
Exp A,PFG_binary+mol,AR_antagonist,GradientBoosting,1,0,573,159,0.2775,0.6764,0.5001,0.2642,0.6417,"{'learning_rate': 0.1, 'max_depth': 3}"
Exp A,PFG_binary+mol,AR_antagonist,RandomForest,1,1,573,159,0.2775,0.6146,0.4083,0.1982,0.5967,"{'max_features': 0.2, 'n_estimators': 200}"
Exp A,PFG_binary+mol,AR_antagonist,GradientBoosting,1,1,573,159,0.2775,0.7049,0.471,0.3158,0.6722,"{'learning_rate': 0.05, 'max_depth': 3}"
Exp A,PFG_binary+mol,AR_antagonist,RandomForest,1,2,573,159,0.2775,0.6466,0.4385,0.277,0.6235,"{'max_features': 0.2, 'n_estimators': 400}"
Exp A,PFG_binary+mol,AR_antagonist,GradientBoosting,1,2,573,159,0.2775,0.6715,0.4072,0.2518,0.6228,"{'learning_rate': 0.1, 'max_depth': 5}"
Exp A,PFG_binary+mol,AR_antagonist,RandomForest,2,0,573,159,0.2775,0.6656,0.5189,0.1581,0.5866,"{'max_features': 0.2, 'n_estimators': 200}"
Exp A,PFG_binary+mol,AR_antagonist,GradientBoosting,2,0,573,159,0.2775,0.7476,0.5232,0.3425,0.689,"{'learning_rate': 0.05, 'max_depth': 3}"
Exp A,PFG_binary+mol,AR_antagonist,RandomForest,2,1,573,159,0.2775,0.6207,0.4056,0.1317,0.5604,"{'max_features': 0.2, 'n_estimators': 200}"
Exp A,PFG_binary+mol,AR_antagonist,GradientBoosting,2,1,573,159,0.2775,0.6624,0.4725,0.2324,0.625,"{'learning_rate': 0.05, 'max_depth': 3}"
Exp A,PFG_binary+mol,AR_antagonist,RandomForest,2,2,573,159,0.2775,0.6317,0.4463,0.2456,0.6126,"{'max_features': 0.2, 'n_estimators': 200}"
Exp A,PFG_binary+mol,AR_antagonist,GradientBoosting,2,2,573,159,0.2775,0.6545,0.4776,0.2795,0.649,"{'learning_rate': 0.05, 'max_depth': 3}"
Exp A,PFG_binary+mol,AR_antagonist,RandomForest,3,0,573,159,0.2775,0.6076,0.4425,0.1979,0.5923,"{'max_features': 'sqrt', 'n_estimators': 200}"
Exp A,PFG_binary+mol,AR_antagonist,GradientBoosting,3,0,573,159,0.2775,0.6818,0.4796,0.2726,0.6505,"{'learning_rate': 0.05, 'max_depth': 3}"
Exp A,PFG_binary+mol,AR_antagonist,RandomForest,3,1,573,159,0.2775,0.5886,0.3489,0.1797,0.5785,"{'max_features': 'sqrt', 'n_estimators': 400}"
Exp A,PFG_binary+mol,AR_antagonist,GradientBoosting,3,1,573,159,0.2775,0.627,0.3835,0.2785,0.6468,"{'learning_rate': 0.05, 'max_depth': 5}"
Exp A,PFG_binary+mol,AR_antagonist,RandomForest,3,2,573,159,0.2775,0.6558,0.4401,0.227,0.6032,"{'max_features': 'sqrt', 'n_estimators': 400}"
Exp A,PFG_binary+mol,AR_antagonist,GradientBoosting,3,2,573,159,0.2775,0.6976,0.482,0.2868,0.6577,"{'learning_rate': 0.05, 'max_depth': 3}"
Exp A,PFG_binary+mol,AR_antagonist,RandomForest,4,0,573,159,0.2775,0.6218,0.4691,0.2897,0.6373,"{'max_features': 'sqrt', 'n_estimators': 400}"
Exp A,PFG_binary+mol,AR_antagonist,GradientBoosting,4,0,573,159,0.2775,0.7352,0.5517,0.353,0.6838,"{'learning_rate': 0.05, 'max_depth': 3}"
Exp A,PFG_binary+mol,AR_antagonist,RandomForest,4,1,573,159,0.2775,0.6249,0.4308,0.1979,0.5945,"{'max_features': 0.2, 'n_estimators': 400}"
Exp A,PFG_binary+mol,AR_antagonist,GradientBoosting,4,1,573,159,0.2775,0.674,0.4546,0.255,0.6359,"{'learning_rate': 0.05, 'max_depth': 3}"
Exp A,PFG_binary+mol,AR_antagonist,RandomForest,4,2,573,159,0.2775,0.6523,0.4126,0.1979,0.5945,"{'max_features': 0.2, 'n_estimators': 400}"
Exp A,PFG_binary+mol,AR_antagonist,GradientBoosting,4,2,573,159,0.2775,0.6834,0.4255,0.3113,0.6635,"{'learning_rate': 0.05, 'max_depth': 3}"
Exp A,PFG_EGR,AR_antagonist,RandomForest,0,0,573,159,0.2775,0.552,0.3087,0.0159,0.5071,"{'max_features': 'sqrt', 'n_estimators': 200}"
Exp A,PFG_EGR,AR_antagonist,GradientBoosting,0,0,573,159,0.2775,0.5649,0.3134,0.0426,0.5173,"{'learning_rate': 0.05, 'max_depth': 3}"
Exp A,PFG_EGR,AR_antagonist,RandomForest,0,1,573,159,0.2775,0.5417,0.3059,0.0333,0.5185,"{'max_features': 0.2, 'n_estimators': 400}"
Exp A,PFG_EGR,AR_antagonist,GradientBoosting,0,1,573,159,0.2775,0.5619,0.3073,0.0951,0.5526,"{'learning_rate': 0.05, 'max_depth': 3}"
Exp A,PFG_EGR,AR_antagonist,RandomForest,0,2,573,159,0.2775,0.5462,0.307,0.0438,0.5243,"{'max_features': 0.2, 'n_estimators': 200}"
Exp A,PFG_EGR,AR_antagonist,GradientBoosting,0,2,573,159,0.2775,0.5604,0.3052,0.0738,0.541,"{'learning_rate': 0.05, 'max_depth': 3}"
Exp A,PFG_EGR,AR_antagonist,RandomForest,1,0,573,159,0.2775,0.5371,0.2983,0.0634,0.5351,"{'max_features': 0.2, 'n_estimators': 200}"
Exp A,PFG_EGR,AR_antagonist,GradientBoosting,1,0,573,159,0.2775,0.5349,0.2987,0.0803,0.5446,"{'learning_rate': 0.05, 'max_depth': 3}"
Exp A,PFG_EGR,AR_antagonist,RandomForest,1,1,573,159,0.2775,0.554,0.3011,0.0908,0.5505,"{'max_features': 'sqrt', 'n_estimators': 200}"
Exp A,PFG_EGR,AR_antagonist,GradientBoosting,1,1,573,159,0.2775,0.5626,0.3082,0.0931,0.5512,"{'learning_rate': 0.05, 'max_depth': 3}"
Exp A,PFG_EGR,AR_antagonist,RandomForest,1,2,573,159,0.2775,0.5544,0.3104,0.0697,0.5388,"{'max_features': 'sqrt', 'n_estimators': 200}"
Exp A,PFG_EGR,AR_antagonist,GradientBoosting,1,2,573,159,0.2775,0.5293,0.297,0.0761,0.5425,"{'learning_rate': 0.05, 'max_depth': 3}"
Exp A,PFG_EGR,AR_antagonist,RandomForest,2,0,573,159,0.2775,0.5579,0.3081,0.089,0.5497,"{'max_features': 'sqrt', 'n_estimators': 400}"
Exp A,PFG_EGR,AR_antagonist,GradientBoosting,2,0,573,159,0.2775,0.5675,0.3118,0.1124,0.5628,"{'learning_rate': 0.05, 'max_depth': 3}"
Exp A,PFG_EGR,AR_antagonist,RandomForest,2,1,573,159,0.2775,0.4896,0.2805,0.0228,0.5126,"{'max_features': 'sqrt', 'n_estimators': 200}"
Exp A,PFG_EGR,AR_antagonist,GradientBoosting,2,1,573,159,0.2775,0.5058,0.2805,-0.0059,0.4967,"{'learning_rate': 0.05, 'max_depth': 3}"
Exp A,PFG_EGR,AR_antagonist,RandomForest,2,2,573,159,0.2775,0.5648,0.3145,0.1165,0.5649,"{'max_features': 'sqrt', 'n_estimators': 400}"
Exp A,PFG_EGR,AR_antagonist,GradientBoosting,2,2,573,159,0.2775,0.6064,0.3325,0.1722,0.5954,"{'learning_rate': 0.05, 'max_depth': 3}"
Exp A,PFG_EGR,AR_antagonist,RandomForest,3,0,573,159,0.2775,0.5692,0.3197,0.0426,0.5173,"{'max_features': 0.2, 'n_estimators': 200}"
Exp A,PFG_EGR,AR_antagonist,GradientBoosting,3,0,573,159,0.2775,0.5606,0.3106,0.0325,0.5122,"{'learning_rate': 0.05, 'max_depth': 3}"
Exp A,PFG_EGR,AR_antagonist,RandomForest,3,1,573,159,0.2775,0.5501,0.3136,0.1124,0.5628,"{'max_features': 'sqrt', 'n_estimators': 200}"
Exp A,PFG_EGR,AR_antagonist,GradientBoosting,3,1,573,159,0.2775,0.5936,0.325,0.1399,0.578,"{'learning_rate': 0.05, 'max_depth': 3}"
Exp A,PFG_EGR,AR_antagonist,RandomForest,3,2,573,159,0.2775,0.4704,0.2594,-0.0398,0.4779,"{'max_features': 0.2, 'n_estimators': 200}"
Exp A,PFG_EGR,AR_antagonist,GradientBoosting,3,2,573,159,0.2775,0.4986,0.2837,0.0253,0.5142,"{'learning_rate': 0.05, 'max_depth': 3}"
Exp A,PFG_EGR,AR_antagonist,RandomForest,4,0,573,159,0.2775,0.5375,0.2999,0.0293,0.5163,"{'max_features': 0.2, 'n_estimators': 400}"
Exp A,PFG_EGR,AR_antagonist,GradientBoosting,4,0,573,159,0.2775,0.5081,0.2865,0.0203,0.5113,"{'learning_rate': 0.05, 'max_depth': 3}"
Exp A,PFG_EGR,AR_antagonist,RandomForest,4,1,573,159,0.2775,0.5021,0.2794,0.011,0.5062,"{'max_features': 0.2, 'n_estimators': 400}"
Exp A,PFG_EGR,AR_antagonist,GradientBoosting,4,1,573,159,0.2775,0.5248,0.2891,0.0293,0.5163,"{'learning_rate': 0.05, 'max_depth': 3}"
Exp A,PFG_EGR,AR_antagonist,RandomForest,4,2,573,159,0.2775,0.4394,0.2589,0.0261,0.5122,"{'max_features': 0.2, 'n_estimators': 400}"
Exp A,PFG_EGR,AR_antagonist,GradientBoosting,4,2,573,159,0.2775,0.6185,0.351,0.1032,0.5477,"{'learning_rate': 0.05, 'max_depth': 3}"
Exp A,PFG_EGR+mol,AR_antagonist,RandomForest,0,0,573,159,0.2775,0.5867,0.3841,0.0809,0.5357,"{'max_features': 0.2, 'n_estimators': 400}"
Exp A,PFG_EGR+mol,AR_antagonist,GradientBoosting,0,0,573,159,0.2775,0.6116,0.4162,0.1947,0.6018,"{'learning_rate': 0.05, 'max_depth': 3}"
Exp A,PFG_EGR+mol,AR_antagonist,RandomForest,0,1,573,159,0.2775,0.5938,0.3682,0.1482,0.5749,"{'max_features': 0.2, 'n_estimators': 400}"
Exp A,PFG_EGR+mol,AR_antagonist,GradientBoosting,0,1,573,159,0.2775,0.6345,0.4075,0.223,0.6192,"{'learning_rate': 0.05, 'max_depth': 5}"
Exp A,PFG_EGR+mol,AR_antagonist,RandomForest,0,2,573,159,0.2775,0.6409,0.4543,0.3132,0.6423,"{'max_features': 'sqrt', 'n_estimators': 200}"
Exp A,PFG_EGR+mol,AR_antagonist,GradientBoosting,0,2,573,159,0.2775,0.7037,0.5033,0.2845,0.6555,"{'learning_rate': 0.05, 'max_depth': 3}"
Exp A,PFG_EGR+mol,AR_antagonist,RandomForest,1,0,573,159,0.2775,0.6384,0.4583,0.1979,0.5923,"{'max_features': 'sqrt', 'n_estimators': 200}"
Exp A,PFG_EGR+mol,AR_antagonist,GradientBoosting,1,0,573,159,0.2775,0.6844,0.4995,0.2992,0.6628,"{'learning_rate': 0.05, 'max_depth': 3}"
Exp A,PFG_EGR+mol,AR_antagonist,RandomForest,1,1,573,159,0.2775,0.5881,0.3672,0.207,0.5981,"{'max_features': 0.2, 'n_estimators': 400}"
Exp A,PFG_EGR+mol,AR_antagonist,GradientBoosting,1,1,573,159,0.2775,0.7085,0.4696,0.2587,0.6432,"{'learning_rate': 0.05, 'max_depth': 3}"
Exp A,PFG_EGR+mol,AR_antagonist,RandomForest,1,2,573,159,0.2775,0.6133,0.3828,0.2395,0.6046,"{'max_features': 0.2, 'n_estimators': 400}"
Exp A,PFG_EGR+mol,AR_antagonist,GradientBoosting,1,2,573,159,0.2775,0.6861,0.4083,0.312,0.6569,"{'learning_rate': 0.05, 'max_depth': 3}"
Exp A,PFG_EGR+mol,AR_antagonist,RandomForest,2,0,573,159,0.2775,0.6631,0.4957,0.1612,0.5888,"{'max_features': 0.2, 'n_estimators': 200}"
Exp A,PFG_EGR+mol,AR_antagonist,GradientBoosting,2,0,573,159,0.2775,0.7542,0.5166,0.3258,0.681,"{'learning_rate': 0.05, 'max_depth': 3}"
Exp A,PFG_EGR+mol,AR_antagonist,RandomForest,2,1,573,159,0.2775,0.5953,0.3835,0.1012,0.5451,"{'max_features': 0.2, 'n_estimators': 400}"
Exp A,PFG_EGR+mol,AR_antagonist,GradientBoosting,2,1,573,159,0.2775,0.659,0.4773,0.1918,0.6055,"{'learning_rate': 0.05, 'max_depth': 3}"
Exp A,PFG_EGR+mol,AR_antagonist,RandomForest,2,2,573,159,0.2775,0.6417,0.4325,0.2959,0.6453,"{'max_features': 0.2, 'n_estimators': 200}"
Exp A,PFG_EGR+mol,AR_antagonist,GradientBoosting,2,2,573,159,0.2775,0.6546,0.4652,0.2492,0.6345,"{'learning_rate': 0.05, 'max_depth': 3}"
Exp A,PFG_EGR+mol,AR_antagonist,RandomForest,3,0,573,159,0.2775,0.599,0.4296,0.1979,0.5923,"{'max_features': 0.2, 'n_estimators': 400}"
Exp A,PFG_EGR+mol,AR_antagonist,GradientBoosting,3,0,573,159,0.2775,0.6906,0.4879,0.3059,0.6693,"{'learning_rate': 0.05, 'max_depth': 3}"
Exp A,PFG_EGR+mol,AR_antagonist,RandomForest,3,1,573,159,0.2775,0.5891,0.3463,0.1696,0.577,"{'max_features': 0.2, 'n_estimators': 400}"
Exp A,PFG_EGR+mol,AR_antagonist,GradientBoosting,3,1,573,159,0.2775,0.6334,0.3931,0.2734,0.6475,"{'learning_rate': 0.05, 'max_depth': 3}"
Exp A,PFG_EGR+mol,AR_antagonist,RandomForest,3,2,573,159,0.2775,0.6084,0.394,0.1032,0.5473,"{'max_features': 'sqrt', 'n_estimators': 400}"
Exp A,PFG_EGR+mol,AR_antagonist,GradientBoosting,3,2,573,159,0.2775,0.679,0.4506,0.2752,0.6497,"{'learning_rate': 0.05, 'max_depth': 5}"
Exp A,PFG_EGR+mol,AR_antagonist,RandomForest,4,0,573,159,0.2775,0.6004,0.4373,0.2346,0.6112,"{'max_features': 0.2, 'n_estimators': 400}"
Exp A,PFG_EGR+mol,AR_antagonist,GradientBoosting,4,0,573,159,0.2775,0.7224,0.539,0.3611,0.6896,"{'learning_rate': 0.05, 'max_depth': 3}"
Exp A,PFG_EGR+mol,AR_antagonist,RandomForest,4,1,573,159,0.2775,0.6133,0.4108,0.216,0.6039,"{'max_features': 0.2, 'n_estimators': 400}"
Exp A,PFG_EGR+mol,AR_antagonist,GradientBoosting,4,1,573,159,0.2775,0.6745,0.4635,0.2826,0.6533,"{'learning_rate': 0.05, 'max_depth': 3}"
Exp A,PFG_EGR+mol,AR_antagonist,RandomForest,4,2,573,159,0.2775,0.6397,0.4028,0.1886,0.5887,"{'max_features': 0.2, 'n_estimators': 400}"
Exp A,PFG_EGR+mol,AR_antagonist,GradientBoosting,4,2,573,159,0.2775,0.6653,0.4069,0.3119,0.6656,"{'learning_rate': 0.05, 'max_depth': 3}"
Exp A,PFG_EGR+branch+mol,AR_antagonist,RandomForest,0,0,573,159,0.2775,0.5842,0.3829,0.0719,0.5321,"{'max_features': 0.2, 'n_estimators': 400}"
Exp A,PFG_EGR+branch+mol,AR_antagonist,GradientBoosting,0,0,573,159,0.2775,0.6116,0.4162,0.1947,0.6018,"{'learning_rate': 0.05, 'max_depth': 3}"
Exp A,PFG_EGR+branch+mol,AR_antagonist,RandomForest,0,1,573,159,0.2775,0.5956,0.373,0.1403,0.5713,"{'max_features': 0.2, 'n_estimators': 400}"
Exp A,PFG_EGR+branch+mol,AR_antagonist,GradientBoosting,0,1,573,159,0.2775,0.6345,0.4075,0.223,0.6192,"{'learning_rate': 0.05, 'max_depth': 5}"
Exp A,PFG_EGR+branch+mol,AR_antagonist,RandomForest,0,2,573,159,0.2775,0.648,0.4587,0.2952,0.6329,"{'max_features': 0.2, 'n_estimators': 200}"
Exp A,PFG_EGR+branch+mol,AR_antagonist,GradientBoosting,0,2,573,159,0.2775,0.7037,0.5033,0.2845,0.6555,"{'learning_rate': 0.05, 'max_depth': 3}"
Exp A,PFG_EGR+branch+mol,AR_antagonist,RandomForest,1,0,573,159,0.2775,0.6331,0.4526,0.1979,0.5923,"{'max_features': 'sqrt', 'n_estimators': 200}"
Exp A,PFG_EGR+branch+mol,AR_antagonist,GradientBoosting,1,0,573,159,0.2775,0.6844,0.4995,0.2992,0.6628,"{'learning_rate': 0.05, 'max_depth': 3}"
Exp A,PFG_EGR+branch+mol,AR_antagonist,RandomForest,1,1,573,159,0.2775,0.577,0.3679,0.1801,0.5872,"{'max_features': 'sqrt', 'n_estimators': 200}"
Exp A,PFG_EGR+branch+mol,AR_antagonist,GradientBoosting,1,1,573,159,0.2775,0.7085,0.4696,0.2587,0.6432,"{'learning_rate': 0.05, 'max_depth': 3}"
Exp A,PFG_EGR+branch+mol,AR_antagonist,RandomForest,1,2,573,159,0.2775,0.6124,0.3822,0.2288,0.601,"{'max_features': 0.2, 'n_estimators': 200}"
Exp A,PFG_EGR+branch+mol,AR_antagonist,GradientBoosting,1,2,573,159,0.2775,0.6861,0.4083,0.312,0.6569,"{'learning_rate': 0.05, 'max_depth': 3}"
Exp A,PFG_EGR+branch+mol,AR_antagonist,RandomForest,2,0,573,159,0.2775,0.6563,0.4944,0.1307,0.5721,"{'max_features': 'sqrt', 'n_estimators': 400}"
Exp A,PFG_EGR+branch+mol,AR_antagonist,GradientBoosting,2,0,573,159,0.2775,0.7542,0.5166,0.3258,0.681,"{'learning_rate': 0.05, 'max_depth': 3}"
Exp A,PFG_EGR+branch+mol,AR_antagonist,RandomForest,2,1,573,159,0.2775,0.5882,0.3776,0.0632,0.5284,"{'max_features': 0.2, 'n_estimators': 200}"
Exp A,PFG_EGR+branch+mol,AR_antagonist,GradientBoosting,2,1,573,159,0.2775,0.659,0.4773,0.1918,0.6055,"{'learning_rate': 0.05, 'max_depth': 3}"
Exp A,PFG_EGR+branch+mol,AR_antagonist,RandomForest,2,2,573,159,0.2775,0.6375,0.4344,0.2777,0.638,"{'max_features': 0.2, 'n_estimators': 400}"
Exp A,PFG_EGR+branch+mol,AR_antagonist,GradientBoosting,2,2,573,159,0.2775,0.6546,0.4652,0.2492,0.6345,"{'learning_rate': 0.05, 'max_depth': 3}"
Exp A,PFG_EGR+branch+mol,AR_antagonist,RandomForest,3,0,573,159,0.2775,0.5985,0.4319,0.1979,0.5923,"{'max_features': 0.2, 'n_estimators': 400}"
Exp A,PFG_EGR+branch+mol,AR_antagonist,GradientBoosting,3,0,573,159,0.2775,0.6906,0.4879,0.3059,0.6693,"{'learning_rate': 0.05, 'max_depth': 3}"
Exp A,PFG_EGR+branch+mol,AR_antagonist,RandomForest,3,1,573,159,0.2775,0.5792,0.3429,0.1502,0.5676,"{'max_features': 'sqrt', 'n_estimators': 400}"
Exp A,PFG_EGR+branch+mol,AR_antagonist,GradientBoosting,3,1,573,159,0.2775,0.6334,0.3931,0.2734,0.6475,"{'learning_rate': 0.05, 'max_depth': 3}"
Exp A,PFG_EGR+branch+mol,AR_antagonist,RandomForest,3,2,573,159,0.2775,0.6217,0.3928,0.1509,0.5698,"{'max_features': 0.2, 'n_estimators': 400}"
Exp A,PFG_EGR+branch+mol,AR_antagonist,GradientBoosting,3,2,573,159,0.2775,0.679,0.4506,0.2752,0.6497,"{'learning_rate': 0.05, 'max_depth': 5}"
Exp A,PFG_EGR+branch+mol,AR_antagonist,RandomForest,4,0,573,159,0.2775,0.5993,0.4353,0.2252,0.6075,"{'max_features': 0.2, 'n_estimators': 400}"
Exp A,PFG_EGR+branch+mol,AR_antagonist,GradientBoosting,4,0,573,159,0.2775,0.7224,0.539,0.3611,0.6896,"{'learning_rate': 0.05, 'max_depth': 3}"
Exp A,PFG_EGR+branch+mol,AR_antagonist,RandomForest,4,1,573,159,0.2775,0.6118,0.4294,0.1979,0.5945,"{'max_features': 0.2, 'n_estimators': 200}"
Exp A,PFG_EGR+branch+mol,AR_antagonist,GradientBoosting,4,1,573,159,0.2775,0.6745,0.4635,0.2826,0.6533,"{'learning_rate': 0.05, 'max_depth': 3}"
Exp A,PFG_EGR+branch+mol,AR_antagonist,RandomForest,4,2,573,159,0.2775,0.6495,0.4056,0.1886,0.5887,"{'max_features': 0.2, 'n_estimators': 400}"
Exp A,PFG_EGR+branch+mol,AR_antagonist,GradientBoosting,4,2,573,159,0.2775,0.6653,0.4069,0.3119,0.6656,"{'learning_rate': 0.05, 'max_depth': 3}"
Exp A,PFG_EGR+spacer+mol,AR_antagonist,RandomForest,0,0,573,159,0.2775,0.5943,0.3914,0.0809,0.5357,"{'max_features': 0.2, 'n_estimators': 200}"
Exp A,PFG_EGR+spacer+mol,AR_antagonist,GradientBoosting,0,0,573,159,0.2775,0.6116,0.4162,0.1947,0.6018,"{'learning_rate': 0.05, 'max_depth': 3}"
Exp A,PFG_EGR+spacer+mol,AR_antagonist,RandomForest,0,1,573,159,0.2775,0.5935,0.3696,0.1482,0.5749,"{'max_features': 0.2, 'n_estimators': 400}"
Exp A,PFG_EGR+spacer+mol,AR_antagonist,GradientBoosting,0,1,573,159,0.2775,0.6345,0.4075,0.223,0.6192,"{'learning_rate': 0.05, 'max_depth': 5}"
Exp A,PFG_EGR+spacer+mol,AR_antagonist,RandomForest,0,2,573,159,0.2775,0.638,0.4551,0.3292,0.6438,"{'max_features': 'sqrt', 'n_estimators': 200}"
Exp A,PFG_EGR+spacer+mol,AR_antagonist,GradientBoosting,0,2,573,159,0.2775,0.7037,0.5033,0.2845,0.6555,"{'learning_rate': 0.05, 'max_depth': 3}"
Exp A,PFG_EGR+spacer+mol,AR_antagonist,RandomForest,1,0,573,159,0.2775,0.6331,0.4505,0.1979,0.5923,"{'max_features': 'sqrt', 'n_estimators': 200}"
Exp A,PFG_EGR+spacer+mol,AR_antagonist,GradientBoosting,1,0,573,159,0.2775,0.6844,0.4995,0.2992,0.6628,"{'learning_rate': 0.05, 'max_depth': 3}"
Exp A,PFG_EGR+spacer+mol,AR_antagonist,RandomForest,1,1,573,159,0.2775,0.5805,0.3728,0.1889,0.5909,"{'max_features': 'sqrt', 'n_estimators': 400}"
Exp A,PFG_EGR+spacer+mol,AR_antagonist,GradientBoosting,1,1,573,159,0.2775,0.7085,0.4696,0.2587,0.6432,"{'learning_rate': 0.05, 'max_depth': 3}"
Exp A,PFG_EGR+spacer+mol,AR_antagonist,RandomForest,1,2,573,159,0.2775,0.6159,0.3878,0.2203,0.5952,"{'max_features': 0.2, 'n_estimators': 400}"
Exp A,PFG_EGR+spacer+mol,AR_antagonist,GradientBoosting,1,2,573,159,0.2775,0.6861,0.4083,0.312,0.6569,"{'learning_rate': 0.05, 'max_depth': 3}"
Exp A,PFG_EGR+spacer+mol,AR_antagonist,RandomForest,2,0,573,159,0.2775,0.6589,0.4907,0.1443,0.5794,"{'max_features': 0.2, 'n_estimators': 200}"
Exp A,PFG_EGR+spacer+mol,AR_antagonist,GradientBoosting,2,0,573,159,0.2775,0.7542,0.5166,0.3258,0.681,"{'learning_rate': 0.05, 'max_depth': 3}"
Exp A,PFG_EGR+spacer+mol,AR_antagonist,RandomForest,2,1,573,159,0.2775,0.5896,0.3776,0.0922,0.5415,"{'max_features': 0.2, 'n_estimators': 400}"
Exp A,PFG_EGR+spacer+mol,AR_antagonist,GradientBoosting,2,1,573,159,0.2775,0.659,0.4773,0.1918,0.6055,"{'learning_rate': 0.05, 'max_depth': 3}"
Exp A,PFG_EGR+spacer+mol,AR_antagonist,RandomForest,2,2,573,159,0.2775,0.6365,0.4305,0.2959,0.6453,"{'max_features': 0.2, 'n_estimators': 200}"
Exp A,PFG_EGR+spacer+mol,AR_antagonist,GradientBoosting,2,2,573,159,0.2775,0.6546,0.4652,0.2492,0.6345,"{'learning_rate': 0.05, 'max_depth': 3}"
Exp A,PFG_EGR+spacer+mol,AR_antagonist,RandomForest,3,0,573,159,0.2775,0.5993,0.4369,0.1886,0.5887,"{'max_features': 0.2, 'n_estimators': 400}"
Exp A,PFG_EGR+spacer+mol,AR_antagonist,GradientBoosting,3,0,573,159,0.2775,0.6906,0.4879,0.3059,0.6693,"{'learning_rate': 0.05, 'max_depth': 3}"
Exp A,PFG_EGR+spacer+mol,AR_antagonist,RandomForest,3,1,573,159,0.2775,0.5859,0.3495,0.1598,0.5712,"{'max_features': 0.2, 'n_estimators': 400}"
Exp A,PFG_EGR+spacer+mol,AR_antagonist,GradientBoosting,3,1,573,159,0.2775,0.6334,0.3931,0.2734,0.6475,"{'learning_rate': 0.05, 'max_depth': 3}"
Exp A,PFG_EGR+spacer+mol,AR_antagonist,RandomForest,3,2,573,159,0.2775,0.6076,0.3834,0.1032,0.5473,"{'max_features': 'sqrt', 'n_estimators': 400}"
Exp A,PFG_EGR+spacer+mol,AR_antagonist,GradientBoosting,3,2,573,159,0.2775,0.679,0.4506,0.2752,0.6497,"{'learning_rate': 0.05, 'max_depth': 5}"
Exp A,PFG_EGR+spacer+mol,AR_antagonist,RandomForest,4,0,573,159,0.2775,0.6018,0.4376,0.2346,0.6112,"{'max_features': 0.2, 'n_estimators': 400}"
Exp A,PFG_EGR+spacer+mol,AR_antagonist,GradientBoosting,4,0,573,159,0.2775,0.7224,0.539,0.3611,0.6896,"{'learning_rate': 0.05, 'max_depth': 3}"
Exp A,PFG_EGR+spacer+mol,AR_antagonist,RandomForest,4,1,573,159,0.2775,0.614,0.4111,0.207,0.6003,"{'max_features': 0.2, 'n_estimators': 200}"
Exp A,PFG_EGR+spacer+mol,AR_antagonist,GradientBoosting,4,1,573,159,0.2775,0.6745,0.4635,0.2826,0.6533,"{'learning_rate': 0.05, 'max_depth': 3}"
Exp A,PFG_EGR+spacer+mol,AR_antagonist,RandomForest,4,2,573,159,0.2775,0.6477,0.4078,0.1886,0.5887,"{'max_features': 0.2, 'n_estimators': 400}"
Exp A,PFG_EGR+spacer+mol,AR_antagonist,GradientBoosting,4,2,573,159,0.2775,0.6653,0.4069,0.3119,0.6656,"{'learning_rate': 0.05, 'max_depth': 3}"
Exp A,PFG_EGR+ring+mol,AR_antagonist,RandomForest,0,0,573,159,0.2775,0.5791,0.3822,0.0809,0.5357,"{'max_features': 0.2, 'n_estimators': 400}"
Exp A,PFG_EGR+ring+mol,AR_antagonist,GradientBoosting,0,0,573,159,0.2775,0.6116,0.4162,0.1947,0.6018,"{'learning_rate': 0.05, 'max_depth': 3}"
Exp A,PFG_EGR+ring+mol,AR_antagonist,RandomForest,0,1,573,159,0.2775,0.5971,0.3782,0.1482,0.5749,"{'max_features': 'sqrt', 'n_estimators': 400}"
Exp A,PFG_EGR+ring+mol,AR_antagonist,GradientBoosting,0,1,573,159,0.2775,0.6345,0.4075,0.223,0.6192,"{'learning_rate': 0.05, 'max_depth': 5}"
Exp A,PFG_EGR+ring+mol,AR_antagonist,RandomForest,0,2,573,159,0.2775,0.6416,0.4596,0.2952,0.6329,"{'max_features': 'sqrt', 'n_estimators': 200}"
Exp A,PFG_EGR+ring+mol,AR_antagonist,GradientBoosting,0,2,573,159,0.2775,0.6965,0.5002,0.2845,0.6555,"{'learning_rate': 0.05, 'max_depth': 3}"
Exp A,PFG_EGR+ring+mol,AR_antagonist,RandomForest,1,0,573,159,0.2775,0.6251,0.445,0.1795,0.585,"{'max_features': 'sqrt', 'n_estimators': 200}"
Exp A,PFG_EGR+ring+mol,AR_antagonist,GradientBoosting,1,0,573,159,0.2775,0.6844,0.4995,0.2992,0.6628,"{'learning_rate': 0.05, 'max_depth': 3}"
Exp A,PFG_EGR+ring+mol,AR_antagonist,RandomForest,1,1,573,159,0.2775,0.5831,0.3636,0.207,0.5981,"{'max_features': 0.2, 'n_estimators': 400}"
Exp A,PFG_EGR+ring+mol,AR_antagonist,GradientBoosting,1,1,573,159,0.2775,0.7085,0.4696,0.2587,0.6432,"{'learning_rate': 0.05, 'max_depth': 3}"
Exp A,PFG_EGR+ring+mol,AR_antagonist,RandomForest,1,2,573,159,0.2775,0.6125,0.3824,0.2007,0.5857,"{'max_features': 0.2, 'n_estimators': 400}"
Exp A,PFG_EGR+ring+mol,AR_antagonist,GradientBoosting,1,2,573,159,0.2775,0.6861,0.4083,0.312,0.6569,"{'learning_rate': 0.05, 'max_depth': 3}"
Exp A,PFG_EGR+ring+mol,AR_antagonist,RandomForest,2,0,573,159,0.2775,0.6579,0.4978,0.1512,0.583,"{'max_features': 0.2, 'n_estimators': 200}"
Exp A,PFG_EGR+ring+mol,AR_antagonist,GradientBoosting,2,0,573,159,0.2775,0.7542,0.5166,0.3258,0.681,"{'learning_rate': 0.05, 'max_depth': 3}"
Exp A,PFG_EGR+ring+mol,AR_antagonist,RandomForest,2,1,573,159,0.2775,0.5875,0.3725,0.1012,0.5451,"{'max_features': 0.2, 'n_estimators': 200}"
Exp A,PFG_EGR+ring+mol,AR_antagonist,GradientBoosting,2,1,573,159,0.2775,0.659,0.4773,0.1918,0.6055,"{'learning_rate': 0.05, 'max_depth': 3}"
Exp A,PFG_EGR+ring+mol,AR_antagonist,RandomForest,2,2,573,159,0.2775,0.6386,0.4321,0.2867,0.6416,"{'max_features': 0.2, 'n_estimators': 400}"
Exp A,PFG_EGR+ring+mol,AR_antagonist,GradientBoosting,2,2,573,159,0.2775,0.6546,0.4652,0.2492,0.6345,"{'learning_rate': 0.05, 'max_depth': 3}"
Exp A,PFG_EGR+ring+mol,AR_antagonist,RandomForest,3,0,573,159,0.2775,0.6071,0.441,0.1979,0.5923,"{'max_features': 0.2, 'n_estimators': 400}"
Exp A,PFG_EGR+ring+mol,AR_antagonist,GradientBoosting,3,0,573,159,0.2775,0.6906,0.4879,0.3059,0.6693,"{'learning_rate': 0.05, 'max_depth': 3}"
Exp A,PFG_EGR+ring+mol,AR_antagonist,RandomForest,3,1,573,159,0.2775,0.591,0.3496,0.1891,0.5843,"{'max_features': 0.2, 'n_estimators': 400}"
Exp A,PFG_EGR+ring+mol,AR_antagonist,GradientBoosting,3,1,573,159,0.2775,0.6334,0.3931,0.2734,0.6475,"{'learning_rate': 0.05, 'max_depth': 3}"
Exp A,PFG_EGR+ring+mol,AR_antagonist,RandomForest,3,2,573,159,0.2775,0.6151,0.3985,0.1104,0.5487,"{'max_features': 'sqrt', 'n_estimators': 400}"
Exp A,PFG_EGR+ring+mol,AR_antagonist,GradientBoosting,3,2,573,159,0.2775,0.679,0.4506,0.2752,0.6497,"{'learning_rate': 0.05, 'max_depth': 5}"
Exp A,PFG_EGR+ring+mol,AR_antagonist,RandomForest,4,0,573,159,0.2775,0.5953,0.4353,0.2163,0.6017,"{'max_features': 0.2, 'n_estimators': 400}"
Exp A,PFG_EGR+ring+mol,AR_antagonist,GradientBoosting,4,0,573,159,0.2775,0.7224,0.539,0.3611,0.6896,"{'learning_rate': 0.05, 'max_depth': 3}"
Exp A,PFG_EGR+ring+mol,AR_antagonist,RandomForest,4,1,573,159,0.2775,0.6099,0.4144,0.207,0.5981,"{'max_features': 0.2, 'n_estimators': 400}"
Exp A,PFG_EGR+ring+mol,AR_antagonist,GradientBoosting,4,1,573,159,0.2775,0.6745,0.4635,0.2826,0.6533,"{'learning_rate': 0.05, 'max_depth': 3}"
Exp A,PFG_EGR+ring+mol,AR_antagonist,RandomForest,4,2,573,159,0.2775,0.6535,0.4104,0.1979,0.5923,"{'max_features': 0.2, 'n_estimators': 400}"
Exp A,PFG_EGR+ring+mol,AR_antagonist,GradientBoosting,4,2,573,159,0.2775,0.6749,0.411,0.2873,0.6526,"{'learning_rate': 0.05, 'max_depth': 3}"
Exp A,PFG_EGR_4X,AR_antagonist,RandomForest,0,0,573,159,0.2775,0.4411,0.2552,-0.038,0.4824,"{'max_features': 0.2, 'n_estimators': 200}"
Exp A,PFG_EGR_4X,AR_antagonist,GradientBoosting,0,0,573,159,0.2775,0.4559,0.2586,0.0191,0.5079,"{'learning_rate': 0.05, 'max_depth': 3}"
Exp A,PFG_EGR_4X,AR_antagonist,RandomForest,0,1,573,159,0.2775,0.5232,0.3078,0.0268,0.5149,"{'max_features': 'sqrt', 'n_estimators': 200}"
Exp A,PFG_EGR_4X,AR_antagonist,GradientBoosting,0,1,573,159,0.2775,0.5217,0.2862,0.0747,0.5304,"{'learning_rate': 0.05, 'max_depth': 3}"
Exp A,PFG_EGR_4X,AR_antagonist,RandomForest,0,2,573,159,0.2775,0.5008,0.3043,-0.0398,0.4779,"{'max_features': 0.2, 'n_estimators': 400}"
Exp A,PFG_EGR_4X,AR_antagonist,GradientBoosting,0,2,573,159,0.2775,0.5142,0.2828,0.0967,0.5427,"{'learning_rate': 0.05, 'max_depth': 3}"
Exp A,PFG_EGR_4X,AR_antagonist,RandomForest,1,0,573,159,0.2775,0.4385,0.2531,-0.1179,0.4425,"{'max_features': 0.2, 'n_estimators': 200}"
Exp A,PFG_EGR_4X,AR_antagonist,GradientBoosting,1,0,573,159,0.2775,0.4559,0.2614,-0.0611,0.4708,"{'learning_rate': 0.05, 'max_depth': 3}"
Exp A,PFG_EGR_4X,AR_antagonist,RandomForest,1,1,573,159,0.2775,0.5264,0.291,0.0667,0.5282,"{'max_features': 0.2, 'n_estimators': 400}"
Exp A,PFG_EGR_4X,AR_antagonist,GradientBoosting,1,1,573,159,0.2775,0.487,0.273,0.0705,0.5224,"{'learning_rate': 0.05, 'max_depth': 3}"
Exp A,PFG_EGR_4X,AR_antagonist,RandomForest,1,2,573,159,0.2775,0.4953,0.2938,-0.0033,0.4982,"{'max_features': 0.2, 'n_estimators': 200}"
Exp A,PFG_EGR_4X,AR_antagonist,GradientBoosting,1,2,573,159,0.2775,0.474,0.2713,-0.0632,0.4648,"{'learning_rate': 0.1, 'max_depth': 3}"
Exp A,PFG_EGR_4X,AR_antagonist,RandomForest,2,0,573,159,0.2775,0.5219,0.2946,0.0275,0.5115,"{'max_features': 0.2, 'n_estimators': 200}"
Exp A,PFG_EGR_4X,AR_antagonist,GradientBoosting,2,0,573,159,0.2775,0.4884,0.2727,0.0275,0.5115,"{'learning_rate': 0.05, 'max_depth': 3}"
Exp A,PFG_EGR_4X,AR_antagonist,RandomForest,2,1,573,159,0.2775,0.4683,0.2712,-0.0434,0.4763,"{'max_features': 'sqrt', 'n_estimators': 200}"
Exp A,PFG_EGR_4X,AR_antagonist,GradientBoosting,2,1,573,159,0.2775,0.466,0.2652,0.0238,0.5107,"{'learning_rate': 0.05, 'max_depth': 3}"
Exp A,PFG_EGR_4X,AR_antagonist,RandomForest,2,2,573,159,0.2775,0.5258,0.2967,0.0467,0.5216,"{'max_features': 0.2, 'n_estimators': 200}"
Exp A,PFG_EGR_4X,AR_antagonist,GradientBoosting,2,2,573,159,0.2775,0.515,0.285,-0.0047,0.4974,"{'learning_rate': 0.05, 'max_depth': 3}"
Exp A,PFG_EGR_4X,AR_antagonist,RandomForest,3,0,573,159,0.2775,0.4374,0.2593,-0.086,0.4651,"{'max_features': 'sqrt', 'n_estimators': 200}"
Exp A,PFG_EGR_4X,AR_antagonist,GradientBoosting,3,0,573,159,0.2775,0.4653,0.2636,-0.0076,0.497,"{'learning_rate': 0.05, 'max_depth': 3}"
Exp A,PFG_EGR_4X,AR_antagonist,RandomForest,3,1,573,159,0.2775,0.4799,0.2739,-0.1669,0.4442,"{'max_features': 'sqrt', 'n_estimators': 400}"
Exp A,PFG_EGR_4X,AR_antagonist,GradientBoosting,3,1,573,159,0.2775,0.5345,0.2926,0.1038,0.5463,"{'learning_rate': 0.05, 'max_depth': 3}"
Exp A,PFG_EGR_4X,AR_antagonist,RandomForest,3,2,573,159,0.2775,0.4121,0.2435,-0.1613,0.4104,"{'max_features': 0.2, 'n_estimators': 400}"
Exp A,PFG_EGR_4X,AR_antagonist,GradientBoosting,3,2,573,159,0.2775,0.4124,0.2516,-0.1528,0.4148,"{'learning_rate': 0.05, 'max_depth': 3}"
Exp A,PFG_EGR_4X,AR_antagonist,RandomForest,4,0,573,159,0.2775,0.4694,0.2862,-0.0609,0.4662,"{'max_features': 0.2, 'n_estimators': 400}"
Exp A,PFG_EGR_4X,AR_antagonist,GradientBoosting,4,0,573,159,0.2775,0.4482,0.2653,-0.115,0.4358,"{'learning_rate': 0.05, 'max_depth': 3}"
Exp A,PFG_EGR_4X,AR_antagonist,RandomForest,4,1,573,159,0.2775,0.4811,0.2702,-0.0391,0.4785,"{'max_features': 0.2, 'n_estimators': 400}"
Exp A,PFG_EGR_4X,AR_antagonist,GradientBoosting,4,1,573,159,0.2775,0.4895,0.2725,0.0426,0.5173,"{'learning_rate': 0.05, 'max_depth': 3}"
Exp A,PFG_EGR_4X,AR_antagonist,RandomForest,4,2,573,159,0.2775,0.4179,0.2638,-0.1983,0.3936,"{'max_features': 'sqrt', 'n_estimators': 400}"
Exp A,PFG_EGR_4X,AR_antagonist,GradientBoosting,4,2,573,159,0.2775,0.4542,0.266,-0.1675,0.4132,"{'learning_rate': 0.05, 'max_depth': 3}"
Exp A,PFG_EGR_4X+mol,AR_antagonist,RandomForest,0,0,573,159,0.2775,0.6536,0.456,0.1608,0.5756,"{'max_features': 0.2, 'n_estimators': 200}"
Exp A,PFG_EGR_4X+mol,AR_antagonist,GradientBoosting,0,0,573,159,0.2775,0.637,0.425,0.2136,0.6134,"{'learning_rate': 0.05, 'max_depth': 3}"
Exp A,PFG_EGR_4X+mol,AR_antagonist,RandomForest,0,1,573,159,0.2775,0.6659,0.4398,0.1905,0.5952,"{'max_features': 0.2, 'n_estimators': 200}"
Exp A,PFG_EGR_4X+mol,AR_antagonist,GradientBoosting,0,1,573,159,0.2775,0.7059,0.4915,0.2963,0.6635,"{'learning_rate': 0.05, 'max_depth': 3}"
Exp A,PFG_EGR_4X+mol,AR_antagonist,RandomForest,0,2,573,159,0.2775,0.6892,0.5133,0.2897,0.6373,"{'max_features': 0.2, 'n_estimators': 200}"
Exp A,PFG_EGR_4X+mol,AR_antagonist,GradientBoosting,0,2,573,159,0.2775,0.7483,0.5312,0.3727,0.7041,"{'learning_rate': 0.05, 'max_depth': 3}"
Exp A,PFG_EGR_4X+mol,AR_antagonist,RandomForest,1,0,573,159,0.2775,0.6008,0.3985,0.0834,0.5379,"{'max_features': 'sqrt', 'n_estimators': 400}"
Exp A,PFG_EGR_4X+mol,AR_antagonist,GradientBoosting,1,0,573,159,0.2775,0.695,0.4949,0.3052,0.6642,"{'learning_rate': 0.05, 'max_depth': 3}"
Exp A,PFG_EGR_4X+mol,AR_antagonist,RandomForest,1,1,573,159,0.2775,0.651,0.4147,0.2341,0.6177,"{'max_features': 0.2, 'n_estimators': 200}"
Exp A,PFG_EGR_4X+mol,AR_antagonist,GradientBoosting,1,1,573,159,0.2775,0.7335,0.479,0.2754,0.6527,"{'learning_rate': 0.05, 'max_depth': 3}"
Exp A,PFG_EGR_4X+mol,AR_antagonist,RandomForest,1,2,573,159,0.2775,0.6373,0.4245,0.2251,0.6119,"{'max_features': 0.2, 'n_estimators': 400}"
Exp A,PFG_EGR_4X+mol,AR_antagonist,GradientBoosting,1,2,573,159,0.2775,0.6872,0.4244,0.2518,0.6228,"{'learning_rate': 0.05, 'max_depth': 3}"
Exp A,PFG_EGR_4X+mol,AR_antagonist,RandomForest,2,0,573,159,0.2775,0.6479,0.4247,0.1629,0.58,"{'max_features': 0.2, 'n_estimators': 200}"
Exp A,PFG_EGR_4X+mol,AR_antagonist,GradientBoosting,2,0,573,159,0.2775,0.6991,0.4405,0.3232,0.6758,"{'learning_rate': 0.05, 'max_depth': 5}"
Exp A,PFG_EGR_4X+mol,AR_antagonist,RandomForest,2,1,573,159,0.2775,0.601,0.3575,0.1408,0.564,"{'max_features': 0.2, 'n_estimators': 400}"
Exp A,PFG_EGR_4X+mol,AR_antagonist,GradientBoosting,2,1,573,159,0.2775,0.6931,0.5465,0.3294,0.6773,"{'learning_rate': 0.05, 'max_depth': 3}"
Exp A,PFG_EGR_4X+mol,AR_antagonist,RandomForest,2,2,573,159,0.2775,0.686,0.4589,0.3449,0.6779,"{'max_features': 0.2, 'n_estimators': 200}"
Exp A,PFG_EGR_4X+mol,AR_antagonist,GradientBoosting,2,2,573,159,0.2775,0.6914,0.4707,0.2826,0.6533,"{'learning_rate': 0.05, 'max_depth': 3}"
Exp A,PFG_EGR_4X+mol,AR_antagonist,RandomForest,3,0,573,159,0.2775,0.6489,0.4436,0.1886,0.5887,"{'max_features': 0.2, 'n_estimators': 200}"
Exp A,PFG_EGR_4X+mol,AR_antagonist,GradientBoosting,3,0,573,159,0.2775,0.7328,0.5119,0.2826,0.6533,"{'learning_rate': 0.05, 'max_depth': 3}"
Exp A,PFG_EGR_4X+mol,AR_antagonist,RandomForest,3,1,573,159,0.2775,0.6117,0.3559,0.1714,0.5836,"{'max_features': 0.2, 'n_estimators': 400}"
Exp A,PFG_EGR_4X+mol,AR_antagonist,GradientBoosting,3,1,573,159,0.2775,0.6342,0.378,0.2537,0.6337,"{'learning_rate': 0.05, 'max_depth': 3}"
Exp A,PFG_EGR_4X+mol,AR_antagonist,RandomForest,3,2,573,159,0.2775,0.6453,0.4121,0.1791,0.5829,"{'max_features': 0.2, 'n_estimators': 400}"
Exp A,PFG_EGR_4X+mol,AR_antagonist,GradientBoosting,3,2,573,159,0.2775,0.7131,0.5029,0.3624,0.6961,"{'learning_rate': 0.05, 'max_depth': 3}"
Exp A,PFG_EGR_4X+mol,AR_antagonist,RandomForest,4,0,573,159,0.2775,0.6554,0.521,0.2845,0.6293,"{'max_features': 0.2, 'n_estimators': 400}"
Exp A,PFG_EGR_4X+mol,AR_antagonist,GradientBoosting,4,0,573,159,0.2775,0.7371,0.5993,0.3199,0.6693,"{'learning_rate': 0.05, 'max_depth': 3}"
Exp A,PFG_EGR_4X+mol,AR_antagonist,RandomForest,4,1,573,159,0.2775,0.6106,0.4123,0.181,0.5894,"{'max_features': 0.2, 'n_estimators': 200}"
Exp A,PFG_EGR_4X+mol,AR_antagonist,GradientBoosting,4,1,573,159,0.2775,0.6493,0.4234,0.2734,0.6475,"{'learning_rate': 0.05, 'max_depth': 3}"
Exp A,PFG_EGR_4X+mol,AR_antagonist,RandomForest,4,2,573,159,0.2775,0.6478,0.3661,0.1546,0.5764,"{'max_features': 0.2, 'n_estimators': 200}"
Exp A,PFG_EGR_4X+mol,AR_antagonist,GradientBoosting,4,2,573,159,0.2775,0.6526,0.3689,0.3207,0.6715,"{'learning_rate': 0.05, 'max_depth': 5}"
Exp A,TxP_PFAS,AR_agonist,RandomForest,0,0,573,62,0.1082,0.7395,0.4221,0.5358,0.7354,"{'max_features': 0.2, 'n_estimators': 200}"
Exp A,TxP_PFAS,AR_agonist,GradientBoosting,0,0,573,62,0.1082,0.7583,0.4584,0.425,0.7341,"{'learning_rate': 0.1, 'max_depth': 5}"
Exp A,TxP_PFAS,AR_agonist,RandomForest,0,1,573,62,0.1082,0.7487,0.4429,0.574,0.7681,"{'max_features': 'sqrt', 'n_estimators': 400}"
Exp A,TxP_PFAS,AR_agonist,GradientBoosting,0,1,573,62,0.1082,0.7591,0.4781,0.574,0.7681,"{'learning_rate': 0.05, 'max_depth': 5}"
Exp A,TxP_PFAS,AR_agonist,RandomForest,0,2,573,62,0.1082,0.6704,0.4387,0.5298,0.7055,"{'max_features': 0.2, 'n_estimators': 200}"
Exp A,TxP_PFAS,AR_agonist,GradientBoosting,0,2,573,62,0.1082,0.7339,0.4033,0.4791,0.6996,"{'learning_rate': 0.05, 'max_depth': 5}"
Exp A,TxP_PFAS,AR_agonist,RandomForest,1,0,573,62,0.1082,0.8202,0.6215,0.6738,0.8133,"{'max_features': 'sqrt', 'n_estimators': 400}"
Exp A,TxP_PFAS,AR_agonist,GradientBoosting,1,0,573,62,0.1082,0.8463,0.6307,0.6505,0.8104,"{'learning_rate': 0.05, 'max_depth': 5}"
Exp A,TxP_PFAS,AR_agonist,RandomForest,1,1,573,62,0.1082,0.7528,0.4786,0.5367,0.7443,"{'max_features': 0.2, 'n_estimators': 200}"
Exp A,TxP_PFAS,AR_agonist,GradientBoosting,1,1,573,62,0.1082,0.7294,0.4681,0.5583,0.7472,"{'learning_rate': 0.05, 'max_depth': 5}"
Exp A,TxP_PFAS,AR_agonist,RandomForest,1,2,573,62,0.1082,0.6105,0.2542,0.3702,0.649,"{'max_features': 0.2, 'n_estimators': 200}"
Exp A,TxP_PFAS,AR_agonist,GradientBoosting,1,2,573,62,0.1082,0.6692,0.3134,0.2244,0.6287,"{'learning_rate': 0.1, 'max_depth': 3}"
Exp A,TxP_PFAS,AR_agonist,RandomForest,2,0,573,62,0.1082,0.756,0.5813,0.5719,0.7795,"{'max_features': 'sqrt', 'n_estimators': 400}"
Exp A,TxP_PFAS,AR_agonist,GradientBoosting,2,0,573,62,0.1082,0.8238,0.5572,0.592,0.7825,"{'learning_rate': 0.1, 'max_depth': 5}"
Exp A,TxP_PFAS,AR_agonist,RandomForest,2,1,573,62,0.1082,0.6833,0.3381,0.4791,0.6996,"{'max_features': 0.2, 'n_estimators': 200}"
Exp A,TxP_PFAS,AR_agonist,GradientBoosting,2,1,573,62,0.1082,0.763,0.3952,0.4573,0.6966,"{'learning_rate': 0.05, 'max_depth': 3}"
Exp A,TxP_PFAS,AR_agonist,RandomForest,2,2,573,62,0.1082,0.778,0.4765,0.5696,0.7293,"{'max_features': 0.2, 'n_estimators': 200}"
Exp A,TxP_PFAS,AR_agonist,GradientBoosting,2,2,573,62,0.1082,0.7811,0.4951,0.4356,0.7266,"{'learning_rate': 0.1, 'max_depth': 5}"
Exp A,TxP_PFAS,AR_agonist,RandomForest,3,0,573,62,0.1082,0.7491,0.6105,0.5994,0.7633,"{'max_features': 0.2, 'n_estimators': 200}"
Exp A,TxP_PFAS,AR_agonist,GradientBoosting,3,0,573,62,0.1082,0.8655,0.6544,0.4757,0.762,"{'learning_rate': 0.1, 'max_depth': 3}"
Exp A,TxP_PFAS,AR_agonist,RandomForest,3,1,573,62,0.1082,0.701,0.3569,0.4779,0.7175,"{'max_features': 0.2, 'n_estimators': 400}"
Exp A,TxP_PFAS,AR_agonist,GradientBoosting,3,1,573,62,0.1082,0.7482,0.3928,0.5168,0.7413,"{'learning_rate': 0.05, 'max_depth': 3}"
Exp A,TxP_PFAS,AR_agonist,RandomForest,3,2,573,62,0.1082,0.7486,0.4347,0.5583,0.7472,"{'max_features': 'sqrt', 'n_estimators': 400}"
Exp A,TxP_PFAS,AR_agonist,GradientBoosting,3,2,573,62,0.1082,0.7251,0.4213,0.3275,0.6852,"{'learning_rate': 0.05, 'max_depth': 5}"
Exp A,TxP_PFAS,AR_agonist,RandomForest,4,0,573,62,0.1082,0.817,0.6024,0.6862,0.8354,"{'max_features': 'sqrt', 'n_estimators': 400}"
Exp A,TxP_PFAS,AR_agonist,GradientBoosting,4,0,573,62,0.1082,0.8251,0.6052,0.4814,0.8107,"{'learning_rate': 0.05, 'max_depth': 3}"
Exp A,TxP_PFAS,AR_agonist,RandomForest,4,1,573,62,0.1082,0.6375,0.3444,0.4608,0.6787,"{'max_features': 'sqrt', 'n_estimators': 400}"
Exp A,TxP_PFAS,AR_agonist,GradientBoosting,4,1,573,62,0.1082,0.6487,0.3636,0.4149,0.6728,"{'learning_rate': 0.1, 'max_depth': 5}"
Exp A,TxP_PFAS,AR_agonist,RandomForest,4,2,573,62,0.1082,0.7458,0.4396,0.4791,0.6996,"{'max_features': 0.2, 'n_estimators': 400}"
Exp A,TxP_PFAS,AR_agonist,GradientBoosting,4,2,573,62,0.1082,0.7384,0.4203,0.3598,0.694,"{'learning_rate': 0.1, 'max_depth': 3}"
Exp A,PFG_binary,AR_agonist,RandomForest,0,0,573,62,0.1082,0.7118,0.2245,0.2726,0.6844,"{'max_features': 'sqrt', 'n_estimators': 400}"
Exp A,PFG_binary,AR_agonist,GradientBoosting,0,0,573,62,0.1082,0.6848,0.2033,0.2793,0.6873,"{'learning_rate': 0.05, 'max_depth': 3}"
Exp A,PFG_binary,AR_agonist,RandomForest,0,1,573,62,0.1082,0.7629,0.2763,0.4297,0.7686,"{'max_features': 0.2, 'n_estimators': 200}"
Exp A,PFG_binary,AR_agonist,GradientBoosting,0,1,573,62,0.1082,0.7569,0.2718,0.3699,0.736,"{'learning_rate': 0.05, 'max_depth': 3}"
Exp A,PFG_binary,AR_agonist,RandomForest,0,2,573,62,0.1082,0.6746,0.2366,0.3177,0.6943,"{'max_features': 'sqrt', 'n_estimators': 400}"
Exp A,PFG_binary,AR_agonist,GradientBoosting,0,2,573,62,0.1082,0.7384,0.256,0.3462,0.7272,"{'learning_rate': 0.1, 'max_depth': 3}"
Exp A,PFG_binary,AR_agonist,RandomForest,1,0,573,62,0.1082,0.768,0.3697,0.3782,0.749,"{'max_features': 0.2, 'n_estimators': 400}"
Exp A,PFG_binary,AR_agonist,GradientBoosting,1,0,573,62,0.1082,0.7313,0.2421,0.3408,0.7344,"{'learning_rate': 0.1, 'max_depth': 3}"
Exp A,PFG_binary,AR_agonist,RandomForest,1,1,573,62,0.1082,0.6892,0.24,0.3315,0.7213,"{'max_features': 0.2, 'n_estimators': 200}"
Exp A,PFG_binary,AR_agonist,GradientBoosting,1,1,573,62,0.1082,0.7041,0.2383,0.3279,0.7092,"{'learning_rate': 0.05, 'max_depth': 3}"
Exp A,PFG_binary,AR_agonist,RandomForest,1,2,573,62,0.1082,0.7464,0.3523,0.3359,0.7122,"{'max_features': 0.2, 'n_estimators': 400}"
Exp A,PFG_binary,AR_agonist,GradientBoosting,1,2,573,62,0.1082,0.7529,0.2993,0.3527,0.7181,"{'learning_rate': 0.1, 'max_depth': 3}"
Exp A,PFG_binary,AR_agonist,RandomForest,2,0,573,62,0.1082,0.6971,0.2644,0.3516,0.7269,"{'max_features': 'sqrt', 'n_estimators': 400}"
Exp A,PFG_binary,AR_agonist,GradientBoosting,2,0,573,62,0.1082,0.6784,0.2353,0.3358,0.7211,"{'learning_rate': 0.05, 'max_depth': 3}"
Exp A,PFG_binary,AR_agonist,RandomForest,2,1,573,62,0.1082,0.6443,0.2665,0.2387,0.6619,"{'max_features': 'sqrt', 'n_estimators': 200}"
Exp A,PFG_binary,AR_agonist,GradientBoosting,2,1,573,62,0.1082,0.7178,0.2273,0.286,0.6825,"{'learning_rate': 0.1, 'max_depth': 3}"
Exp A,PFG_binary,AR_agonist,RandomForest,2,2,573,62,0.1082,0.7912,0.3383,0.3699,0.736,"{'max_features': 'sqrt', 'n_estimators': 400}"
Exp A,PFG_binary,AR_agonist,GradientBoosting,2,2,573,62,0.1082,0.7137,0.2667,0.3043,0.7095,"{'learning_rate': 0.1, 'max_depth': 3}"
Exp A,PFG_binary,AR_agonist,RandomForest,3,0,573,62,0.1082,0.7218,0.3049,0.3599,0.7298,"{'max_features': 'sqrt', 'n_estimators': 400}"
Exp A,PFG_binary,AR_agonist,GradientBoosting,3,0,573,62,0.1082,0.7246,0.2412,0.3242,0.7048,"{'learning_rate': 0.1, 'max_depth': 3}"
Exp A,PFG_binary,AR_agonist,RandomForest,3,1,573,62,0.1082,0.7473,0.3411,0.3959,0.7448,"{'max_features': 0.2, 'n_estimators': 200}"
Exp A,PFG_binary,AR_agonist,GradientBoosting,3,1,573,62,0.1082,0.7398,0.272,0.3783,0.7389,"{'learning_rate': 0.1, 'max_depth': 3}"
Exp A,PFG_binary,AR_agonist,RandomForest,3,2,573,62,0.1082,0.741,0.2741,0.3462,0.7272,"{'max_features': 'sqrt', 'n_estimators': 400}"
Exp A,PFG_binary,AR_agonist,GradientBoosting,3,2,573,62,0.1082,0.6807,0.2178,0.3109,0.7125,"{'learning_rate': 0.1, 'max_depth': 3}"
Exp A,PFG_binary,AR_agonist,RandomForest,4,0,573,62,0.1082,0.8434,0.3647,0.4439,0.8227,"{'max_features': 0.2, 'n_estimators': 400}"
Exp A,PFG_binary,AR_agonist,GradientBoosting,4,0,573,62,0.1082,0.7937,0.3174,0.4627,0.8181,"{'learning_rate': 0.05, 'max_depth': 3}"
Exp A,PFG_binary,AR_agonist,RandomForest,4,1,573,62,0.1082,0.6296,0.1984,0.2538,0.6496,"{'max_features': 'sqrt', 'n_estimators': 200}"
Exp A,PFG_binary,AR_agonist,GradientBoosting,4,1,573,62,0.1082,0.6036,0.1669,0.2158,0.6349,"{'learning_rate': 0.1, 'max_depth': 3}"
Exp A,PFG_binary,AR_agonist,RandomForest,4,2,573,62,0.1082,0.7459,0.3244,0.3615,0.721,"{'max_features': 0.2, 'n_estimators': 200}"
Exp A,PFG_binary,AR_agonist,GradientBoosting,4,2,573,62,0.1082,0.7311,0.2436,0.2781,0.6887,"{'learning_rate': 0.1, 'max_depth': 3}"
Exp A,PFG_binary+mol,AR_agonist,RandomForest,0,0,573,62,0.1082,0.7459,0.2855,0.2473,0.6727,"{'max_features': 'sqrt', 'n_estimators': 200}"
Exp A,PFG_binary+mol,AR_agonist,GradientBoosting,0,0,573,62,0.1082,0.7427,0.2765,0.3273,0.7285,"{'learning_rate': 0.1, 'max_depth': 5}"
Exp A,PFG_binary+mol,AR_agonist,RandomForest,0,1,573,62,0.1082,0.8144,0.356,0.2646,0.6737,"{'max_features': 0.2, 'n_estimators': 200}"
Exp A,PFG_binary+mol,AR_agonist,GradientBoosting,0,1,573,62,0.1082,0.8091,0.4316,0.3283,0.7457,"{'learning_rate': 0.1, 'max_depth': 3}"
Exp A,PFG_binary+mol,AR_agonist,RandomForest,0,2,573,62,0.1082,0.7735,0.2717,0.2302,0.6408,"{'max_features': 'sqrt', 'n_estimators': 200}"
Exp A,PFG_binary+mol,AR_agonist,GradientBoosting,0,2,573,62,0.1082,0.7041,0.2503,0.2983,0.6975,"{'learning_rate': 0.05, 'max_depth': 5}"
Exp A,PFG_binary+mol,AR_agonist,RandomForest,1,0,573,62,0.1082,0.8159,0.3326,0.3408,0.7344,"{'max_features': 0.2, 'n_estimators': 200}"
Exp A,PFG_binary+mol,AR_agonist,GradientBoosting,1,0,573,62,0.1082,0.8007,0.3214,0.3056,0.7346,"{'learning_rate': 0.05, 'max_depth': 5}"
Exp A,PFG_binary+mol,AR_agonist,RandomForest,1,1,573,62,0.1082,0.7606,0.33,0.3094,0.6913,"{'max_features': 'sqrt', 'n_estimators': 400}"
Exp A,PFG_binary+mol,AR_agonist,GradientBoosting,1,1,573,62,0.1082,0.7648,0.3186,0.3366,0.7333,"{'learning_rate': 0.05, 'max_depth': 5}"
Exp A,PFG_binary+mol,AR_agonist,RandomForest,1,2,573,62,0.1082,0.8169,0.3805,0.2022,0.629,"{'max_features': 0.2, 'n_estimators': 200}"
Exp A,PFG_binary+mol,AR_agonist,GradientBoosting,1,2,573,62,0.1082,0.7625,0.3916,0.2717,0.6857,"{'learning_rate': 0.05, 'max_depth': 5}"
Exp A,PFG_binary+mol,AR_agonist,RandomForest,2,0,573,62,0.1082,0.8241,0.3736,0.3083,0.699,"{'max_features': 0.2, 'n_estimators': 200}"
Exp A,PFG_binary+mol,AR_agonist,GradientBoosting,2,0,573,62,0.1082,0.7171,0.3169,0.241,0.6772,"{'learning_rate': 0.05, 'max_depth': 3}"
Exp A,PFG_binary+mol,AR_agonist,RandomForest,2,1,573,62,0.1082,0.7599,0.2929,0.274,0.6675,"{'max_features': 0.2, 'n_estimators': 200}"
Exp A,PFG_binary+mol,AR_agonist,GradientBoosting,2,1,573,62,0.1082,0.7409,0.3825,0.298,0.7066,"{'learning_rate': 0.05, 'max_depth': 3}"
Exp A,PFG_binary+mol,AR_agonist,RandomForest,2,2,573,62,0.1082,0.7172,0.3069,0.2326,0.659,"{'max_features': 0.2, 'n_estimators': 200}"
Exp A,PFG_binary+mol,AR_agonist,GradientBoosting,2,2,573,62,0.1082,0.7375,0.2798,0.2307,0.6651,"{'learning_rate': 0.05, 'max_depth': 5}"
Exp A,PFG_binary+mol,AR_agonist,RandomForest,3,0,573,62,0.1082,0.7443,0.328,0.2724,0.674,"{'max_features': 'sqrt', 'n_estimators': 400}"
Exp A,PFG_binary+mol,AR_agonist,GradientBoosting,3,0,573,62,0.1082,0.7887,0.3687,0.3347,0.7418,"{'learning_rate': 0.05, 'max_depth': 5}"
Exp A,PFG_binary+mol,AR_agonist,RandomForest,3,1,573,62,0.1082,0.8403,0.4482,0.3462,0.7272,"{'max_features': 0.2, 'n_estimators': 400}"
Exp A,PFG_binary+mol,AR_agonist,GradientBoosting,3,1,573,62,0.1082,0.7857,0.3502,0.3309,0.7395,"{'learning_rate': 0.05, 'max_depth': 5}"
Exp A,PFG_binary+mol,AR_agonist,RandomForest,3,2,573,62,0.1082,0.7619,0.2531,0.2239,0.6469,"{'max_features': 0.2, 'n_estimators': 200}"
Exp A,PFG_binary+mol,AR_agonist,GradientBoosting,3,2,573,62,0.1082,0.7314,0.2635,0.2362,0.6681,"{'learning_rate': 0.05, 'max_depth': 3}"
Exp A,PFG_binary+mol,AR_agonist,RandomForest,4,0,573,62,0.1082,0.8766,0.4573,0.4398,0.8094,"{'max_features': 'sqrt', 'n_estimators': 200}"
Exp A,PFG_binary+mol,AR_agonist,GradientBoosting,4,0,573,62,0.1082,0.8656,0.42,0.3837,0.7934,"{'learning_rate': 0.05, 'max_depth': 5}"
Exp A,PFG_binary+mol,AR_agonist,RandomForest,4,1,573,62,0.1082,0.7626,0.2742,0.1935,0.6169,"{'max_features': 'sqrt', 'n_estimators': 200}"
Exp A,PFG_binary+mol,AR_agonist,GradientBoosting,4,1,573,62,0.1082,0.7077,0.2278,0.1423,0.5934,"{'learning_rate': 0.05, 'max_depth': 5}"
Exp A,PFG_binary+mol,AR_agonist,RandomForest,4,2,573,62,0.1082,0.7511,0.2865,0.2302,0.6408,"{'max_features': 0.2, 'n_estimators': 400}"
Exp A,PFG_binary+mol,AR_agonist,GradientBoosting,4,2,573,62,0.1082,0.7756,0.3592,0.4517,0.8015,"{'learning_rate': 0.05, 'max_depth': 3}"
Exp A,PFG_EGR,AR_agonist,RandomForest,0,0,573,62,0.1082,0.6096,0.1442,0.1308,0.606,"{'max_features': 'sqrt', 'n_estimators': 200}"
Exp A,PFG_EGR,AR_agonist,GradientBoosting,0,0,573,62,0.1082,0.5832,0.1319,0.1068,0.5855,"{'learning_rate': 0.1, 'max_depth': 3}"
Exp A,PFG_EGR,AR_agonist,RandomForest,0,1,573,62,0.1082,0.7197,0.3648,0.2023,0.6601,"{'max_features': 0.2, 'n_estimators': 200}"
Exp A,PFG_EGR,AR_agonist,GradientBoosting,0,1,573,62,0.1082,0.6892,0.2098,0.2,0.658,"{'learning_rate': 0.05, 'max_depth': 3}"
Exp A,PFG_EGR,AR_agonist,RandomForest,0,2,573,62,0.1082,0.6611,0.1841,0.1904,0.6513,"{'max_features': 'sqrt', 'n_estimators': 200}"
Exp A,PFG_EGR,AR_agonist,GradientBoosting,0,2,573,62,0.1082,0.6748,0.1694,0.2277,0.6815,"{'learning_rate': 0.05, 'max_depth': 3}"
Exp A,PFG_EGR,AR_agonist,RandomForest,1,0,573,62,0.1082,0.7145,0.2903,0.1873,0.6528,"{'max_features': 0.2, 'n_estimators': 200}"
Exp A,PFG_EGR,AR_agonist,GradientBoosting,1,0,573,62,0.1082,0.6797,0.1706,0.203,0.6648,"{'learning_rate': 0.05, 'max_depth': 3}"
Exp A,PFG_EGR,AR_agonist,RandomForest,1,1,573,62,0.1082,0.6732,0.1643,0.1599,0.6277,"{'max_features': 0.2, 'n_estimators': 400}"
Exp A,PFG_EGR,AR_agonist,GradientBoosting,1,1,573,62,0.1082,0.6429,0.1691,0.1323,0.6045,"{'learning_rate': 0.1, 'max_depth': 3}"
Exp A,PFG_EGR,AR_agonist,RandomForest,1,2,573,62,0.1082,0.6885,0.2792,0.1971,0.6574,"{'max_features': 0.2, 'n_estimators': 200}"
Exp A,PFG_EGR,AR_agonist,GradientBoosting,1,2,573,62,0.1082,0.6259,0.1485,0.1835,0.6459,"{'learning_rate': 0.05, 'max_depth': 3}"
Exp A,PFG_EGR,AR_agonist,RandomForest,2,0,573,62,0.1082,0.7009,0.2208,0.2443,0.6982,"{'max_features': 'sqrt', 'n_estimators': 400}"
Exp A,PFG_EGR,AR_agonist,GradientBoosting,2,0,573,62,0.1082,0.6661,0.1627,0.2179,0.6778,"{'learning_rate': 0.05, 'max_depth': 3}"
Exp A,PFG_EGR,AR_agonist,RandomForest,2,1,573,62,0.1082,0.6584,0.2425,0.1378,0.6101,"{'max_features': 0.2, 'n_estimators': 200}"
Exp A,PFG_EGR,AR_agonist,GradientBoosting,2,1,573,62,0.1082,0.5894,0.1344,0.1091,0.5866,"{'learning_rate': 0.1, 'max_depth': 3}"
Exp A,PFG_EGR,AR_agonist,RandomForest,2,2,573,62,0.1082,0.6754,0.2141,0.1488,0.6189,"{'max_features': 0.2, 'n_estimators': 200}"
Exp A,PFG_EGR,AR_agonist,GradientBoosting,2,2,573,62,0.1082,0.6195,0.1448,0.1499,0.6192,"{'learning_rate': 0.1, 'max_depth': 3}"
Exp A,PFG_EGR,AR_agonist,RandomForest,3,0,573,62,0.1082,0.6911,0.2461,0.1985,0.6615,"{'max_features': 'sqrt', 'n_estimators': 400}"
Exp A,PFG_EGR,AR_agonist,GradientBoosting,3,0,573,62,0.1082,0.6852,0.2006,0.2106,0.6719,"{'learning_rate': 0.05, 'max_depth': 3}"
Exp A,PFG_EGR,AR_agonist,RandomForest,3,1,573,62,0.1082,0.6909,0.2559,0.1934,0.6545,"{'max_features': 0.2, 'n_estimators': 200}"
Exp A,PFG_EGR,AR_agonist,GradientBoosting,3,1,573,62,0.1082,0.6647,0.1626,0.2137,0.6697,"{'learning_rate': 0.1, 'max_depth': 3}"
Exp A,PFG_EGR,AR_agonist,RandomForest,3,2,573,62,0.1082,0.6273,0.1793,0.0892,0.5713,"{'max_features': 'sqrt', 'n_estimators': 400}"
Exp A,PFG_EGR,AR_agonist,GradientBoosting,3,2,573,62,0.1082,0.6074,0.1556,0.1358,0.6074,"{'learning_rate': 0.1, 'max_depth': 3}"
Exp A,PFG_EGR,AR_agonist,RandomForest,4,0,573,62,0.1082,0.7232,0.2739,0.1928,0.6573,"{'max_features': 'sqrt', 'n_estimators': 400}"
Exp A,PFG_EGR,AR_agonist,GradientBoosting,4,0,573,62,0.1082,0.6667,0.1683,0.1667,0.6326,"{'learning_rate': 0.05, 'max_depth': 3}"
Exp A,PFG_EGR,AR_agonist,RandomForest,4,1,573,62,0.1082,0.5755,0.1462,0.0743,0.5592,"{'max_features': 'sqrt', 'n_estimators': 200}"
Exp A,PFG_EGR,AR_agonist,GradientBoosting,4,1,573,62,0.1082,0.5796,0.1368,0.1007,0.5804,"{'learning_rate': 0.05, 'max_depth': 3}"
Exp A,PFG_EGR,AR_agonist,RandomForest,4,2,573,62,0.1082,0.7409,0.2511,0.2085,0.6662,"{'max_features': 0.2, 'n_estimators': 400}"
Exp A,PFG_EGR,AR_agonist,GradientBoosting,4,2,573,62,0.1082,0.6723,0.1635,0.2012,0.6606,"{'learning_rate': 0.1, 'max_depth': 3}"
Exp A,PFG_EGR+mol,AR_agonist,RandomForest,0,0,573,62,0.1082,0.7722,0.2957,0.2726,0.6844,"{'max_features': 0.2, 'n_estimators': 400}"
Exp A,PFG_EGR+mol,AR_agonist,GradientBoosting,0,0,573,62,0.1082,0.7556,0.2614,0.3273,0.7285,"{'learning_rate': 0.1, 'max_depth': 5}"
Exp A,PFG_EGR+mol,AR_agonist,RandomForest,0,1,573,62,0.1082,0.814,0.3189,0.2449,0.6648,"{'max_features': 0.2, 'n_estimators': 200}"
Exp A,PFG_EGR+mol,AR_agonist,GradientBoosting,0,1,573,62,0.1082,0.8084,0.449,0.364,0.7724,"{'learning_rate': 0.1, 'max_depth': 3}"
Exp A,PFG_EGR+mol,AR_agonist,RandomForest,0,2,573,62,0.1082,0.7819,0.2975,0.2302,0.6408,"{'max_features': 0.2, 'n_estimators': 200}"
Exp A,PFG_EGR+mol,AR_agonist,GradientBoosting,0,2,573,62,0.1082,0.7282,0.278,0.2847,0.6916,"{'learning_rate': 0.05, 'max_depth': 3}"
Exp A,PFG_EGR+mol,AR_agonist,RandomForest,1,0,573,62,0.1082,0.8175,0.3592,0.3408,0.7344,"{'max_features': 0.2, 'n_estimators': 200}"
Exp A,PFG_EGR+mol,AR_agonist,GradientBoosting,1,0,573,62,0.1082,0.7915,0.302,0.2106,0.6596,"{'learning_rate': 0.1, 'max_depth': 5}"
Exp A,PFG_EGR+mol,AR_agonist,RandomForest,1,1,573,62,0.1082,0.7618,0.3328,0.3094,0.6913,"{'max_features': 0.2, 'n_estimators': 400}"
Exp A,PFG_EGR+mol,AR_agonist,GradientBoosting,1,1,573,62,0.1082,0.7723,0.322,0.3301,0.7304,"{'learning_rate': 0.05, 'max_depth': 5}"
Exp A,PFG_EGR+mol,AR_agonist,RandomForest,1,2,573,62,0.1082,0.8007,0.3764,0.2372,0.6528,"{'max_features': 'sqrt', 'n_estimators': 200}"
Exp A,PFG_EGR+mol,AR_agonist,GradientBoosting,1,2,573,62,0.1082,0.788,0.4071,0.3527,0.7181,"{'learning_rate': 0.05, 'max_depth': 3}"
Exp A,PFG_EGR+mol,AR_agonist,RandomForest,2,0,573,62,0.1082,0.8335,0.3874,0.2863,0.6902,"{'max_features': 0.2, 'n_estimators': 400}"
Exp A,PFG_EGR+mol,AR_agonist,GradientBoosting,2,0,573,62,0.1082,0.7959,0.3653,0.3409,0.7447,"{'learning_rate': 0.05, 'max_depth': 5}"
Exp A,PFG_EGR+mol,AR_agonist,RandomForest,2,1,573,62,0.1082,0.7592,0.2872,0.274,0.6675,"{'max_features': 'sqrt', 'n_estimators': 200}"
Exp A,PFG_EGR+mol,AR_agonist,GradientBoosting,2,1,573,62,0.1082,0.7378,0.363,0.3301,0.7304,"{'learning_rate': 0.05, 'max_depth': 3}"
Exp A,PFG_EGR+mol,AR_agonist,RandomForest,2,2,573,62,0.1082,0.7238,0.305,0.2326,0.659,"{'max_features': 0.2, 'n_estimators': 200}"
Exp A,PFG_EGR+mol,AR_agonist,GradientBoosting,2,2,573,62,0.1082,0.6895,0.2834,0.2362,0.6681,"{'learning_rate': 0.1, 'max_depth': 3}"
Exp A,PFG_EGR+mol,AR_agonist,RandomForest,3,0,573,62,0.1082,0.7497,0.3279,0.265,0.6711,"{'max_features': 0.2, 'n_estimators': 200}"
Exp A,PFG_EGR+mol,AR_agonist,GradientBoosting,3,0,573,62,0.1082,0.7917,0.3882,0.3347,0.7418,"{'learning_rate': 0.05, 'max_depth': 5}"
Exp A,PFG_EGR+mol,AR_agonist,RandomForest,3,1,573,62,0.1082,0.8255,0.4418,0.3462,0.7272,"{'max_features': 0.2, 'n_estimators': 200}"
Exp A,PFG_EGR+mol,AR_agonist,GradientBoosting,3,1,573,62,0.1082,0.7556,0.3322,0.3684,0.7571,"{'learning_rate': 0.05, 'max_depth': 3}"
Exp A,PFG_EGR+mol,AR_agonist,RandomForest,3,2,573,62,0.1082,0.7671,0.2554,0.2175,0.644,"{'max_features': 'sqrt', 'n_estimators': 200}"
Exp A,PFG_EGR+mol,AR_agonist,GradientBoosting,3,2,573,62,0.1082,0.7431,0.295,0.2625,0.6889,"{'learning_rate': 0.05, 'max_depth': 3}"
Exp A,PFG_EGR+mol,AR_agonist,RandomForest,4,0,573,62,0.1082,0.8708,0.4614,0.4398,0.8094,"{'max_features': 'sqrt', 'n_estimators': 200}"
Exp A,PFG_EGR+mol,AR_agonist,GradientBoosting,4,0,573,62,0.1082,0.8687,0.4489,0.3784,0.7905,"{'learning_rate': 0.05, 'max_depth': 5}"
Exp A,PFG_EGR+mol,AR_agonist,RandomForest,4,1,573,62,0.1082,0.7578,0.2736,0.1935,0.6169,"{'max_features': 'sqrt', 'n_estimators': 200}"
Exp A,PFG_EGR+mol,AR_agonist,GradientBoosting,4,1,573,62,0.1082,0.7179,0.2538,0.1423,0.5934,"{'learning_rate': 0.05, 'max_depth': 5}"
Exp A,PFG_EGR+mol,AR_agonist,RandomForest,4,2,573,62,0.1082,0.7566,0.2858,0.2661,0.6646,"{'max_features': 0.2, 'n_estimators': 400}"
Exp A,PFG_EGR+mol,AR_agonist,GradientBoosting,4,2,573,62,0.1082,0.7782,0.3589,0.4517,0.8015,"{'learning_rate': 0.05, 'max_depth': 3}"
Exp A,PFG_EGR+branch+mol,AR_agonist,RandomForest,0,0,573,62,0.1082,0.7608,0.291,0.3069,0.7094,"{'max_features': 'sqrt', 'n_estimators': 200}"
Exp A,PFG_EGR+branch+mol,AR_agonist,GradientBoosting,0,0,573,62,0.1082,0.7556,0.2614,0.3273,0.7285,"{'learning_rate': 0.1, 'max_depth': 5}"
Exp A,PFG_EGR+branch+mol,AR_agonist,RandomForest,0,1,573,62,0.1082,0.8148,0.3569,0.2914,0.6945,"{'max_features': 0.2, 'n_estimators': 400}"
Exp A,PFG_EGR+branch+mol,AR_agonist,GradientBoosting,0,1,573,62,0.1082,0.8084,0.449,0.364,0.7724,"{'learning_rate': 0.1, 'max_depth': 3}"
Exp A,PFG_EGR+branch+mol,AR_agonist,RandomForest,0,2,573,62,0.1082,0.7821,0.2978,0.2302,0.6408,"{'max_features': 'sqrt', 'n_estimators': 200}"
Exp A,PFG_EGR+branch+mol,AR_agonist,GradientBoosting,0,2,573,62,0.1082,0.7282,0.278,0.2847,0.6916,"{'learning_rate': 0.05, 'max_depth': 3}"
Exp A,PFG_EGR+branch+mol,AR_agonist,RandomForest,1,0,573,62,0.1082,0.8162,0.3331,0.3408,0.7344,"{'max_features': 0.2, 'n_estimators': 400}"
Exp A,PFG_EGR+branch+mol,AR_agonist,GradientBoosting,1,0,573,62,0.1082,0.7915,0.302,0.2106,0.6596,"{'learning_rate': 0.1, 'max_depth': 5}"
Exp A,PFG_EGR+branch+mol,AR_agonist,RandomForest,1,1,573,62,0.1082,0.7707,0.3333,0.3013,0.6884,"{'max_features': 0.2, 'n_estimators': 400}"
Exp A,PFG_EGR+branch+mol,AR_agonist,GradientBoosting,1,1,573,62,0.1082,0.7723,0.322,0.3301,0.7304,"{'learning_rate': 0.05, 'max_depth': 5}"
Exp A,PFG_EGR+branch+mol,AR_agonist,RandomForest,1,2,573,62,0.1082,0.8153,0.3813,0.2372,0.6528,"{'max_features': 0.2, 'n_estimators': 200}"
Exp A,PFG_EGR+branch+mol,AR_agonist,GradientBoosting,1,2,573,62,0.1082,0.788,0.4071,0.3527,0.7181,"{'learning_rate': 0.05, 'max_depth': 3}"
Exp A,PFG_EGR+branch+mol,AR_agonist,RandomForest,2,0,573,62,0.1082,0.8273,0.3784,0.3083,0.699,"{'max_features': 'sqrt', 'n_estimators': 200}"
Exp A,PFG_EGR+branch+mol,AR_agonist,GradientBoosting,2,0,573,62,0.1082,0.7959,0.3653,0.3409,0.7447,"{'learning_rate': 0.05, 'max_depth': 5}"
Exp A,PFG_EGR+branch+mol,AR_agonist,RandomForest,2,1,573,62,0.1082,0.7571,0.2882,0.2661,0.6646,"{'max_features': 'sqrt', 'n_estimators': 400}"
Exp A,PFG_EGR+branch+mol,AR_agonist,GradientBoosting,2,1,573,62,0.1082,0.7378,0.363,0.3301,0.7304,"{'learning_rate': 0.05, 'max_depth': 3}"
Exp A,PFG_EGR+branch+mol,AR_agonist,RandomForest,2,2,573,62,0.1082,0.7066,0.2708,0.2266,0.656,"{'max_features': 'sqrt', 'n_estimators': 400}"
Exp A,PFG_EGR+branch+mol,AR_agonist,GradientBoosting,2,2,573,62,0.1082,0.6895,0.2834,0.2362,0.6681,"{'learning_rate': 0.1, 'max_depth': 3}"
Exp A,PFG_EGR+branch+mol,AR_agonist,RandomForest,3,0,573,62,0.1082,0.7531,0.3293,0.2724,0.674,"{'max_features': 0.2, 'n_estimators': 200}"
Exp A,PFG_EGR+branch+mol,AR_agonist,GradientBoosting,3,0,573,62,0.1082,0.7917,0.3882,0.3347,0.7418,"{'learning_rate': 0.05, 'max_depth': 5}"
Exp A,PFG_EGR+branch+mol,AR_agonist,RandomForest,3,1,573,62,0.1082,0.8346,0.4457,0.3462,0.7272,"{'max_features': 'sqrt', 'n_estimators': 400}"
Exp A,PFG_EGR+branch+mol,AR_agonist,GradientBoosting,3,1,573,62,0.1082,0.7556,0.3322,0.3684,0.7571,"{'learning_rate': 0.05, 'max_depth': 3}"
Exp A,PFG_EGR+branch+mol,AR_agonist,RandomForest,3,2,573,62,0.1082,0.7746,0.2568,0.2513,0.6678,"{'max_features': 0.2, 'n_estimators': 200}"
Exp A,PFG_EGR+branch+mol,AR_agonist,GradientBoosting,3,2,573,62,0.1082,0.7431,0.295,0.2625,0.6889,"{'learning_rate': 0.05, 'max_depth': 3}"
Exp A,PFG_EGR+branch+mol,AR_agonist,RandomForest,4,0,573,62,0.1082,0.8722,0.4613,0.4398,0.8094,"{'max_features': 'sqrt', 'n_estimators': 200}"
Exp A,PFG_EGR+branch+mol,AR_agonist,GradientBoosting,4,0,573,62,0.1082,0.8687,0.4489,0.3784,0.7905,"{'learning_rate': 0.05, 'max_depth': 5}"
Exp A,PFG_EGR+branch+mol,AR_agonist,RandomForest,4,1,573,62,0.1082,0.7587,0.2728,0.1935,0.6169,"{'max_features': 0.2, 'n_estimators': 200}"
Exp A,PFG_EGR+branch+mol,AR_agonist,GradientBoosting,4,1,573,62,0.1082,0.7179,0.2538,0.1423,0.5934,"{'learning_rate': 0.05, 'max_depth': 5}"
Exp A,PFG_EGR+branch+mol,AR_agonist,RandomForest,4,2,573,62,0.1082,0.748,0.2837,0.2586,0.6616,"{'max_features': 0.2, 'n_estimators': 200}"
Exp A,PFG_EGR+branch+mol,AR_agonist,GradientBoosting,4,2,573,62,0.1082,0.7782,0.3589,0.4517,0.8015,"{'learning_rate': 0.05, 'max_depth': 3}"
Exp A,PFG_EGR+spacer+mol,AR_agonist,RandomForest,0,0,573,62,0.1082,0.7721,0.2951,0.2726,0.6844,"{'max_features': 'sqrt', 'n_estimators': 200}"
Exp A,PFG_EGR+spacer+mol,AR_agonist,GradientBoosting,0,0,573,62,0.1082,0.7556,0.2614,0.3273,0.7285,"{'learning_rate': 0.1, 'max_depth': 5}"
Exp A,PFG_EGR+spacer+mol,AR_agonist,RandomForest,0,1,573,62,0.1082,0.812,0.3532,0.2513,0.6678,"{'max_features': 0.2, 'n_estimators': 200}"
Exp A,PFG_EGR+spacer+mol,AR_agonist,GradientBoosting,0,1,573,62,0.1082,0.8084,0.449,0.364,0.7724,"{'learning_rate': 0.1, 'max_depth': 3}"
Exp A,PFG_EGR+spacer+mol,AR_agonist,RandomForest,0,2,573,62,0.1082,0.7843,0.3,0.2302,0.6408,"{'max_features': 0.2, 'n_estimators': 400}"
Exp A,PFG_EGR+spacer+mol,AR_agonist,GradientBoosting,0,2,573,62,0.1082,0.7282,0.278,0.2847,0.6916,"{'learning_rate': 0.05, 'max_depth': 3}"
Exp A,PFG_EGR+spacer+mol,AR_agonist,RandomForest,1,0,573,62,0.1082,0.8161,0.3585,0.3408,0.7344,"{'max_features': 0.2, 'n_estimators': 200}"
Exp A,PFG_EGR+spacer+mol,AR_agonist,GradientBoosting,1,0,573,62,0.1082,0.7915,0.302,0.2106,0.6596,"{'learning_rate': 0.1, 'max_depth': 5}"
Exp A,PFG_EGR+spacer+mol,AR_agonist,RandomForest,1,1,573,62,0.1082,0.7744,0.3334,0.3013,0.6884,"{'max_features': 0.2, 'n_estimators': 200}"
Exp A,PFG_EGR+spacer+mol,AR_agonist,GradientBoosting,1,1,573,62,0.1082,0.7723,0.322,0.3301,0.7304,"{'learning_rate': 0.05, 'max_depth': 5}"
Exp A,PFG_EGR+spacer+mol,AR_agonist,RandomForest,1,2,573,62,0.1082,0.795,0.3718,0.2372,0.6528,"{'max_features': 'sqrt', 'n_estimators': 200}"
Exp A,PFG_EGR+spacer+mol,AR_agonist,GradientBoosting,1,2,573,62,0.1082,0.788,0.4071,0.3527,0.7181,"{'learning_rate': 0.05, 'max_depth': 3}"
Exp A,PFG_EGR+spacer+mol,AR_agonist,RandomForest,2,0,573,62,0.1082,0.8294,0.3862,0.2863,0.6902,"{'max_features': 0.2, 'n_estimators': 400}"
Exp A,PFG_EGR+spacer+mol,AR_agonist,GradientBoosting,2,0,573,62,0.1082,0.7959,0.3653,0.3409,0.7447,"{'learning_rate': 0.05, 'max_depth': 5}"
Exp A,PFG_EGR+spacer+mol,AR_agonist,RandomForest,2,1,573,62,0.1082,0.7599,0.2912,0.2661,0.6646,"{'max_features': 0.2, 'n_estimators': 400}"
Exp A,PFG_EGR+spacer+mol,AR_agonist,GradientBoosting,2,1,573,62,0.1082,0.7378,0.363,0.3301,0.7304,"{'learning_rate': 0.05, 'max_depth': 3}"
Exp A,PFG_EGR+spacer+mol,AR_agonist,RandomForest,2,2,573,62,0.1082,0.7165,0.2714,0.2266,0.656,"{'max_features': 0.2, 'n_estimators': 200}"
Exp A,PFG_EGR+spacer+mol,AR_agonist,GradientBoosting,2,2,573,62,0.1082,0.6895,0.2834,0.2362,0.6681,"{'learning_rate': 0.1, 'max_depth': 3}"
Exp A,PFG_EGR+spacer+mol,AR_agonist,RandomForest,3,0,573,62,0.1082,0.7456,0.3271,0.2579,0.6681,"{'max_features': 0.2, 'n_estimators': 400}"
Exp A,PFG_EGR+spacer+mol,AR_agonist,GradientBoosting,3,0,573,62,0.1082,0.7917,0.3882,0.3347,0.7418,"{'learning_rate': 0.05, 'max_depth': 5}"
Exp A,PFG_EGR+spacer+mol,AR_agonist,RandomForest,3,1,573,62,0.1082,0.8221,0.4424,0.3462,0.7272,"{'max_features': 0.2, 'n_estimators': 400}"
Exp A,PFG_EGR+spacer+mol,AR_agonist,GradientBoosting,3,1,573,62,0.1082,0.7556,0.3322,0.3684,0.7571,"{'learning_rate': 0.05, 'max_depth': 3}"
Exp A,PFG_EGR+spacer+mol,AR_agonist,RandomForest,3,2,573,62,0.1082,0.7797,0.2591,0.2513,0.6678,"{'max_features': 0.2, 'n_estimators': 400}"
Exp A,PFG_EGR+spacer+mol,AR_agonist,GradientBoosting,3,2,573,62,0.1082,0.7431,0.295,0.2625,0.6889,"{'learning_rate': 0.05, 'max_depth': 3}"
Exp A,PFG_EGR+spacer+mol,AR_agonist,RandomForest,4,0,573,62,0.1082,0.8804,0.4678,0.4472,0.8123,"{'max_features': 0.2, 'n_estimators': 200}"
Exp A,PFG_EGR+spacer+mol,AR_agonist,GradientBoosting,4,0,573,62,0.1082,0.8687,0.4489,0.3784,0.7905,"{'learning_rate': 0.05, 'max_depth': 5}"
Exp A,PFG_EGR+spacer+mol,AR_agonist,RandomForest,4,1,573,62,0.1082,0.7601,0.2736,0.1935,0.6169,"{'max_features': 0.2, 'n_estimators': 200}"
Exp A,PFG_EGR+spacer+mol,AR_agonist,GradientBoosting,4,1,573,62,0.1082,0.7179,0.2538,0.1423,0.5934,"{'learning_rate': 0.05, 'max_depth': 5}"
Exp A,PFG_EGR+spacer+mol,AR_agonist,RandomForest,4,2,573,62,0.1082,0.7486,0.2838,0.2302,0.6408,"{'max_features': 0.2, 'n_estimators': 200}"
Exp A,PFG_EGR+spacer+mol,AR_agonist,GradientBoosting,4,2,573,62,0.1082,0.7782,0.3589,0.4517,0.8015,"{'learning_rate': 0.05, 'max_depth': 3}"
Exp A,PFG_EGR+ring+mol,AR_agonist,RandomForest,0,0,573,62,0.1082,0.7556,0.2866,0.3069,0.7094,"{'max_features': 'sqrt', 'n_estimators': 200}"
Exp A,PFG_EGR+ring+mol,AR_agonist,GradientBoosting,0,0,573,62,0.1082,0.7556,0.2614,0.3273,0.7285,"{'learning_rate': 0.1, 'max_depth': 5}"
Exp A,PFG_EGR+ring+mol,AR_agonist,RandomForest,0,1,573,62,0.1082,0.8249,0.3621,0.2914,0.6945,"{'max_features': 0.2, 'n_estimators': 400}"
Exp A,PFG_EGR+ring+mol,AR_agonist,GradientBoosting,0,1,573,62,0.1082,0.8084,0.449,0.364,0.7724,"{'learning_rate': 0.1, 'max_depth': 3}"
Exp A,PFG_EGR+ring+mol,AR_agonist,RandomForest,0,2,573,62,0.1082,0.7775,0.2711,0.2302,0.6408,"{'max_features': 'sqrt', 'n_estimators': 200}"
Exp A,PFG_EGR+ring+mol,AR_agonist,GradientBoosting,0,2,573,62,0.1082,0.7279,0.2706,0.2914,0.6945,"{'learning_rate': 0.05, 'max_depth': 3}"
Exp A,PFG_EGR+ring+mol,AR_agonist,RandomForest,1,0,573,62,0.1082,0.8142,0.3646,0.3069,0.7094,"{'max_features': 0.2, 'n_estimators': 200}"
Exp A,PFG_EGR+ring+mol,AR_agonist,GradientBoosting,1,0,573,62,0.1082,0.7915,0.302,0.2106,0.6596,"{'learning_rate': 0.1, 'max_depth': 5}"
Exp A,PFG_EGR+ring+mol,AR_agonist,RandomForest,1,1,573,62,0.1082,0.7707,0.3331,0.3359,0.7122,"{'max_features': 0.2, 'n_estimators': 200}"
Exp A,PFG_EGR+ring+mol,AR_agonist,GradientBoosting,1,1,573,62,0.1082,0.7331,0.2645,0.2829,0.7069,"{'learning_rate': 0.05, 'max_depth': 3}"
Exp A,PFG_EGR+ring+mol,AR_agonist,RandomForest,1,2,573,62,0.1082,0.8305,0.3861,0.2372,0.6528,"{'max_features': 0.2, 'n_estimators': 400}"
Exp A,PFG_EGR+ring+mol,AR_agonist,GradientBoosting,1,2,573,62,0.1082,0.788,0.4071,0.3527,0.7181,"{'learning_rate': 0.05, 'max_depth': 3}"
Exp A,PFG_EGR+ring+mol,AR_agonist,RandomForest,2,0,573,62,0.1082,0.8377,0.3853,0.3083,0.699,"{'max_features': 0.2, 'n_estimators': 200}"
Exp A,PFG_EGR+ring+mol,AR_agonist,GradientBoosting,2,0,573,62,0.1082,0.7773,0.3156,0.3609,0.7639,"{'learning_rate': 0.05, 'max_depth': 3}"
Exp A,PFG_EGR+ring+mol,AR_agonist,RandomForest,2,1,573,62,0.1082,0.7623,0.3079,0.2661,0.6646,"{'max_features': 'sqrt', 'n_estimators': 200}"
Exp A,PFG_EGR+ring+mol,AR_agonist,GradientBoosting,2,1,573,62,0.1082,0.7378,0.363,0.3301,0.7304,"{'learning_rate': 0.05, 'max_depth': 3}"
Exp A,PFG_EGR+ring+mol,AR_agonist,RandomForest,2,2,573,62,0.1082,0.7098,0.3034,0.2266,0.656,"{'max_features': 0.2, 'n_estimators': 400}"
Exp A,PFG_EGR+ring+mol,AR_agonist,GradientBoosting,2,2,573,62,0.1082,0.6903,0.2839,0.2362,0.6681,"{'learning_rate': 0.1, 'max_depth': 3}"
Exp A,PFG_EGR+ring+mol,AR_agonist,RandomForest,3,0,573,62,0.1082,0.7443,0.3273,0.265,0.6711,"{'max_features': 'sqrt', 'n_estimators': 400}"
Exp A,PFG_EGR+ring+mol,AR_agonist,GradientBoosting,3,0,573,62,0.1082,0.7917,0.3882,0.3347,0.7418,"{'learning_rate': 0.05, 'max_depth': 5}"
Exp A,PFG_EGR+ring+mol,AR_agonist,RandomForest,3,1,573,62,0.1082,0.843,0.4472,0.3462,0.7272,"{'max_features': 0.2, 'n_estimators': 200}"
Exp A,PFG_EGR+ring+mol,AR_agonist,GradientBoosting,3,1,573,62,0.1082,0.7612,0.3335,0.3684,0.7571,"{'learning_rate': 0.05, 'max_depth': 3}"
Exp A,PFG_EGR+ring+mol,AR_agonist,RandomForest,3,2,573,62,0.1082,0.7578,0.252,0.2579,0.6707,"{'max_features': 0.2, 'n_estimators': 200}"
Exp A,PFG_EGR+ring+mol,AR_agonist,GradientBoosting,3,2,573,62,0.1082,0.7431,0.295,0.2625,0.6889,"{'learning_rate': 0.05, 'max_depth': 3}"
Exp A,PFG_EGR+ring+mol,AR_agonist,RandomForest,4,0,573,62,0.1082,0.8709,0.4663,0.4398,0.8094,"{'max_features': 'sqrt', 'n_estimators': 400}"
Exp A,PFG_EGR+ring+mol,AR_agonist,GradientBoosting,4,0,573,62,0.1082,0.8687,0.4489,0.3784,0.7905,"{'learning_rate': 0.05, 'max_depth': 5}"
Exp A,PFG_EGR+ring+mol,AR_agonist,RandomForest,4,1,573,62,0.1082,0.7555,0.272,0.1935,0.6169,"{'max_features': 'sqrt', 'n_estimators': 200}"
Exp A,PFG_EGR+ring+mol,AR_agonist,GradientBoosting,4,1,573,62,0.1082,0.7179,0.2538,0.1423,0.5934,"{'learning_rate': 0.05, 'max_depth': 5}"
Exp A,PFG_EGR+ring+mol,AR_agonist,RandomForest,4,2,573,62,0.1082,0.7508,0.2862,0.2586,0.6616,"{'max_features': 'sqrt', 'n_estimators': 200}"
Exp A,PFG_EGR+ring+mol,AR_agonist,GradientBoosting,4,2,573,62,0.1082,0.7742,0.3577,0.4517,0.8015,"{'learning_rate': 0.05, 'max_depth': 3}"
Exp A,PFG_EGR_4X,AR_agonist,RandomForest,0,0,573,62,0.1082,0.6009,0.14,0.1243,0.6015,"{'max_features': 'sqrt', 'n_estimators': 400}"
Exp A,PFG_EGR_4X,AR_agonist,GradientBoosting,0,0,573,62,0.1082,0.586,0.1318,0.1103,0.5898,"{'learning_rate': 0.05, 'max_depth': 3}"
Exp A,PFG_EGR_4X,AR_agonist,RandomForest,0,1,573,62,0.1082,0.7069,0.3634,0.1972,0.6539,"{'max_features': 'sqrt', 'n_estimators': 200}"
Exp A,PFG_EGR_4X,AR_agonist,GradientBoosting,0,1,573,62,0.1082,0.6681,0.1813,0.2023,0.6601,"{'learning_rate': 0.05, 'max_depth': 3}"
Exp A,PFG_EGR_4X,AR_agonist,RandomForest,0,2,573,62,0.1082,0.6468,0.1828,0.1847,0.6451,"{'max_features': 0.2, 'n_estimators': 400}"
Exp A,PFG_EGR_4X,AR_agonist,GradientBoosting,0,2,573,62,0.1082,0.6338,0.1553,0.1934,0.6545,"{'learning_rate': 0.05, 'max_depth': 3}"
Exp A,PFG_EGR_4X,AR_agonist,RandomForest,1,0,573,62,0.1082,0.7037,0.2701,0.2022,0.6645,"{'max_features': 0.2, 'n_estimators': 400}"
Exp A,PFG_EGR_4X,AR_agonist,GradientBoosting,1,0,573,62,0.1082,0.6671,0.1516,0.1928,0.6573,"{'learning_rate': 0.05, 'max_depth': 3}"
Exp A,PFG_EGR_4X,AR_agonist,RandomForest,1,1,573,62,0.1082,0.6423,0.1548,0.1725,0.6363,"{'max_features': 0.2, 'n_estimators': 400}"
Exp A,PFG_EGR_4X,AR_agonist,GradientBoosting,1,1,573,62,0.1082,0.6185,0.1561,0.1007,0.5804,"{'learning_rate': 0.05, 'max_depth': 3}"
Exp A,PFG_EGR_4X,AR_agonist,RandomForest,1,2,573,62,0.1082,0.6444,0.2744,0.1904,0.6513,"{'max_features': 'sqrt', 'n_estimators': 400}"
Exp A,PFG_EGR_4X,AR_agonist,GradientBoosting,1,2,573,62,0.1082,0.6817,0.2455,0.1934,0.6545,"{'learning_rate': 0.05, 'max_depth': 3}"
Exp A,PFG_EGR_4X,AR_agonist,RandomForest,2,0,573,62,0.1082,0.6851,0.2182,0.2418,0.6937,"{'max_features': 0.2, 'n_estimators': 400}"
Exp A,PFG_EGR_4X,AR_agonist,GradientBoosting,2,0,573,62,0.1082,0.6667,0.1624,0.2253,0.6836,"{'learning_rate': 0.1, 'max_depth': 3}"
Exp A,PFG_EGR_4X,AR_agonist,RandomForest,2,1,573,62,0.1082,0.6347,0.2215,0.1231,0.5978,"{'max_features': 0.2, 'n_estimators': 200}"
Exp A,PFG_EGR_4X,AR_agonist,GradientBoosting,2,1,573,62,0.1082,0.594,0.141,0.1339,0.6069,"{'learning_rate': 0.05, 'max_depth': 3}"
Exp A,PFG_EGR_4X,AR_agonist,RandomForest,2,2,573,62,0.1082,0.6395,0.2087,0.1414,0.6127,"{'max_features': 0.2, 'n_estimators': 200}"
Exp A,PFG_EGR_4X,AR_agonist,GradientBoosting,2,2,573,62,0.1082,0.6176,0.1697,0.1153,0.5922,"{'learning_rate': 0.1, 'max_depth': 3}"
Exp A,PFG_EGR_4X,AR_agonist,RandomForest,3,0,573,62,0.1082,0.6626,0.2194,0.1885,0.6496,"{'max_features': 0.2, 'n_estimators': 400}"
Exp A,PFG_EGR_4X,AR_agonist,GradientBoosting,3,0,573,62,0.1082,0.6382,0.1476,0.1602,0.6291,"{'learning_rate': 0.1, 'max_depth': 3}"
Exp A,PFG_EGR_4X,AR_agonist,RandomForest,3,1,573,62,0.1082,0.6688,0.2536,0.1904,0.6513,"{'max_features': 'sqrt', 'n_estimators': 400}"
Exp A,PFG_EGR_4X,AR_agonist,GradientBoosting,3,1,573,62,0.1082,0.6606,0.1611,0.1823,0.6457,"{'learning_rate': 0.05, 'max_depth': 3}"
Exp A,PFG_EGR_4X,AR_agonist,RandomForest,3,2,573,62,0.1082,0.5797,0.1729,0.0929,0.5742,"{'max_features': 'sqrt', 'n_estimators': 200}"
Exp A,PFG_EGR_4X,AR_agonist,GradientBoosting,3,2,573,62,0.1082,0.6272,0.1554,0.1606,0.628,"{'learning_rate': 0.1, 'max_depth': 3}"
Exp A,PFG_EGR_4X,AR_agonist,RandomForest,4,0,573,62,0.1082,0.742,0.2641,0.2484,0.7028,"{'max_features': 0.2, 'n_estimators': 400}"
Exp A,PFG_EGR_4X,AR_agonist,GradientBoosting,4,0,573,62,0.1082,0.6681,0.1554,0.1789,0.6456,"{'learning_rate': 0.05, 'max_depth': 3}"
Exp A,PFG_EGR_4X,AR_agonist,RandomForest,4,1,573,62,0.1082,0.5422,0.1386,0.0523,0.541,"{'max_features': 0.2, 'n_estimators': 400}"
Exp A,PFG_EGR_4X,AR_agonist,GradientBoosting,4,1,573,62,0.1082,0.5765,0.1329,0.0595,0.5472,"{'learning_rate': 0.05, 'max_depth': 3}"
Exp A,PFG_EGR_4X,AR_agonist,RandomForest,4,2,573,62,0.1082,0.6965,0.2457,0.2105,0.666,"{'max_features': 0.2, 'n_estimators': 200}"
Exp A,PFG_EGR_4X,AR_agonist,GradientBoosting,4,2,573,62,0.1082,0.6761,0.1692,0.2306,0.6842,"{'learning_rate': 0.1, 'max_depth': 3}"
Exp A,PFG_EGR_4X+mol,AR_agonist,RandomForest,0,0,573,62,0.1082,0.7155,0.2533,0.2313,0.6564,"{'max_features': 0.2, 'n_estimators': 200}"
Exp A,PFG_EGR_4X+mol,AR_agonist,GradientBoosting,0,0,573,62,0.1082,0.7649,0.2408,0.2413,0.6697,"{'learning_rate': 0.05, 'max_depth': 3}"
Exp A,PFG_EGR_4X+mol,AR_agonist,RandomForest,0,1,573,62,0.1082,0.8115,0.399,0.3127,0.7034,"{'max_features': 'sqrt', 'n_estimators': 400}"
Exp A,PFG_EGR_4X+mol,AR_agonist,GradientBoosting,0,1,573,62,0.1082,0.8176,0.4159,0.356,0.7604,"{'learning_rate': 0.05, 'max_depth': 3}"
Exp A,PFG_EGR_4X+mol,AR_agonist,RandomForest,0,2,573,62,0.1082,0.6852,0.2639,0.2302,0.6408,"{'max_features': 'sqrt', 'n_estimators': 200}"
Exp A,PFG_EGR_4X+mol,AR_agonist,GradientBoosting,0,2,573,62,0.1082,0.7001,0.28,0.2372,0.6528,"{'learning_rate': 0.1, 'max_depth': 5}"
Exp A,PFG_EGR_4X+mol,AR_agonist,RandomForest,1,0,573,62,0.1082,0.7808,0.345,0.3283,0.7181,"{'max_features': 0.2, 'n_estimators': 200}"
Exp A,PFG_EGR_4X+mol,AR_agonist,GradientBoosting,1,0,573,62,0.1082,0.7937,0.3354,0.3171,0.748,"{'learning_rate': 0.05, 'max_depth': 5}"
Exp A,PFG_EGR_4X+mol,AR_agonist,RandomForest,1,1,573,62,0.1082,0.7092,0.2997,0.3441,0.7151,"{'max_features': 0.2, 'n_estimators': 200}"
Exp A,PFG_EGR_4X+mol,AR_agonist,GradientBoosting,1,1,573,62,0.1082,0.6978,0.3086,0.2797,0.6978,"{'learning_rate': 0.05, 'max_depth': 5}"
Exp A,PFG_EGR_4X+mol,AR_agonist,RandomForest,1,2,573,62,0.1082,0.7471,0.3734,0.2089,0.6319,"{'max_features': 0.2, 'n_estimators': 200}"
Exp A,PFG_EGR_4X+mol,AR_agonist,GradientBoosting,1,2,573,62,0.1082,0.7046,0.3373,0.3177,0.6943,"{'learning_rate': 0.05, 'max_depth': 3}"
Exp A,PFG_EGR_4X+mol,AR_agonist,RandomForest,2,0,573,62,0.1082,0.8092,0.4072,0.3326,0.7077,"{'max_features': 'sqrt', 'n_estimators': 400}"
Exp A,PFG_EGR_4X+mol,AR_agonist,GradientBoosting,2,0,573,62,0.1082,0.781,0.3227,0.269,0.6918,"{'learning_rate': 0.1, 'max_depth': 3}"
Exp A,PFG_EGR_4X+mol,AR_agonist,RandomForest,2,1,573,62,0.1082,0.721,0.2951,0.2661,0.6646,"{'max_features': 0.2, 'n_estimators': 400}"
Exp A,PFG_EGR_4X+mol,AR_agonist,GradientBoosting,2,1,573,62,0.1082,0.7454,0.322,0.2579,0.6707,"{'learning_rate': 0.05, 'max_depth': 3}"
Exp A,PFG_EGR_4X+mol,AR_agonist,RandomForest,2,2,573,62,0.1082,0.6959,0.2855,0.2304,0.6499,"{'max_features': 0.2, 'n_estimators': 200}"
Exp A,PFG_EGR_4X+mol,AR_agonist,GradientBoosting,2,2,573,62,0.1082,0.7192,0.2995,0.2797,0.6978,"{'learning_rate': 0.05, 'max_depth': 3}"
Exp A,PFG_EGR_4X+mol,AR_agonist,RandomForest,3,0,573,62,0.1082,0.749,0.3382,0.3412,0.7107,"{'max_features': 'sqrt', 'n_estimators': 200}"
Exp A,PFG_EGR_4X+mol,AR_agonist,GradientBoosting,3,0,573,62,0.1082,0.801,0.3981,0.3473,0.7477,"{'learning_rate': 0.05, 'max_depth': 5}"
Exp A,PFG_EGR_4X+mol,AR_agonist,RandomForest,3,1,573,62,0.1082,0.8123,0.453,0.3699,0.736,"{'max_features': 0.2, 'n_estimators': 400}"
Exp A,PFG_EGR_4X+mol,AR_agonist,GradientBoosting,3,1,573,62,0.1082,0.7822,0.385,0.35,0.7392,"{'learning_rate': 0.05, 'max_depth': 3}"
Exp A,PFG_EGR_4X+mol,AR_agonist,RandomForest,3,2,573,62,0.1082,0.6846,0.2113,0.1893,0.6231,"{'max_features': 'sqrt', 'n_estimators': 200}"
Exp A,PFG_EGR_4X+mol,AR_agonist,GradientBoosting,3,2,573,62,0.1082,0.7151,0.2709,0.257,0.686,"{'learning_rate': 0.1, 'max_depth': 3}"
Exp A,PFG_EGR_4X+mol,AR_agonist,RandomForest,4,0,573,62,0.1082,0.8222,0.4541,0.422,0.7902,"{'max_features': 'sqrt', 'n_estimators': 400}"
Exp A,PFG_EGR_4X+mol,AR_agonist,GradientBoosting,4,0,573,62,0.1082,0.877,0.4383,0.3578,0.7788,"{'learning_rate': 0.1, 'max_depth': 3}"
Exp A,PFG_EGR_4X+mol,AR_agonist,RandomForest,4,1,573,62,0.1082,0.6975,0.2471,0.1956,0.6261,"{'max_features': 0.2, 'n_estimators': 400}"
Exp A,PFG_EGR_4X+mol,AR_agonist,GradientBoosting,4,1,573,62,0.1082,0.6437,0.198,0.1935,0.6322,"{'learning_rate': 0.05, 'max_depth': 3}"
Exp A,PFG_EGR_4X+mol,AR_agonist,RandomForest,4,2,573,62,0.1082,0.723,0.2666,0.2821,0.6704,"{'max_features': 0.2, 'n_estimators': 400}"
Exp A,PFG_EGR_4X+mol,AR_agonist,GradientBoosting,4,2,573,62,0.1082,0.7503,0.3249,0.2208,0.6531,"{'learning_rate': 0.05, 'max_depth': 5}"
Exp A,TxP_PFAS,ERa_antagonist,RandomForest,0,0,573,114,0.199,0.6581,0.3413,0.2334,0.6324,"{'max_features': 0.2, 'n_estimators': 400}"
Exp A,TxP_PFAS,ERa_antagonist,GradientBoosting,0,0,573,114,0.199,0.566,0.2692,0.1371,0.5765,"{'learning_rate': 0.05, 'max_depth': 3}"
Exp A,TxP_PFAS,ERa_antagonist,RandomForest,0,1,573,114,0.199,0.6797,0.3308,0.2555,0.6388,"{'max_features': 0.2, 'n_estimators': 200}"
Exp A,TxP_PFAS,ERa_antagonist,GradientBoosting,0,1,573,114,0.199,0.63,0.2856,0.2128,0.6225,"{'learning_rate': 0.05, 'max_depth': 5}"
Exp A,TxP_PFAS,ERa_antagonist,RandomForest,0,2,573,114,0.199,0.652,0.3741,0.1128,0.5706,"{'max_features': 0.2, 'n_estimators': 400}"
Exp A,TxP_PFAS,ERa_antagonist,GradientBoosting,0,2,573,114,0.199,0.5812,0.2991,0.0141,0.5086,"{'learning_rate': 0.1, 'max_depth': 3}"
Exp A,TxP_PFAS,ERa_antagonist,RandomForest,1,0,573,114,0.199,0.6909,0.346,0.2128,0.6225,"{'max_features': 0.2, 'n_estimators': 200}"
Exp A,TxP_PFAS,ERa_antagonist,GradientBoosting,1,0,573,114,0.199,0.5988,0.2316,0.1632,0.5998,"{'learning_rate': 0.05, 'max_depth': 3}"
Exp A,TxP_PFAS,ERa_antagonist,RandomForest,1,1,573,114,0.199,0.6791,0.3683,0.1956,0.6161,"{'max_features': 0.2, 'n_estimators': 400}"
Exp A,TxP_PFAS,ERa_antagonist,GradientBoosting,1,1,573,114,0.199,0.6026,0.2468,0.1027,0.5602,"{'learning_rate': 0.1, 'max_depth': 3}"
Exp A,TxP_PFAS,ERa_antagonist,RandomForest,1,2,573,114,0.199,0.6784,0.3604,0.277,0.6553,"{'max_features': 0.2, 'n_estimators': 200}"
Exp A,TxP_PFAS,ERa_antagonist,GradientBoosting,1,2,573,114,0.199,0.6189,0.3195,0.1931,0.6127,"{'learning_rate': 0.1, 'max_depth': 5}"
Exp A,TxP_PFAS,ERa_antagonist,RandomForest,2,0,573,114,0.199,0.6253,0.2704,0.1272,0.5733,"{'max_features': 'sqrt', 'n_estimators': 400}"
Exp A,TxP_PFAS,ERa_antagonist,GradientBoosting,2,0,573,114,0.199,0.554,0.2429,0.0836,0.5505,"{'learning_rate': 0.1, 'max_depth': 3}"
Exp A,TxP_PFAS,ERa_antagonist,RandomForest,2,1,573,114,0.199,0.6526,0.3459,0.2334,0.6324,"{'max_features': 'sqrt', 'n_estimators': 200}"
Exp A,TxP_PFAS,ERa_antagonist,GradientBoosting,2,1,573,114,0.199,0.6236,0.2723,0.1688,0.5962,"{'learning_rate': 0.1, 'max_depth': 3}"
Exp A,TxP_PFAS,ERa_antagonist,RandomForest,2,2,573,114,0.199,0.6691,0.3438,0.2104,0.6091,"{'max_features': 'sqrt', 'n_estimators': 200}"
Exp A,TxP_PFAS,ERa_antagonist,GradientBoosting,2,2,573,114,0.199,0.6478,0.2738,0.1915,0.6199,"{'learning_rate': 0.05, 'max_depth': 3}"
Exp A,TxP_PFAS,ERa_antagonist,RandomForest,3,0,573,114,0.199,0.6531,0.3432,0.2338,0.6223,"{'max_features': 0.2, 'n_estimators': 200}"
Exp A,TxP_PFAS,ERa_antagonist,GradientBoosting,3,0,573,114,0.199,0.643,0.3026,0.1985,0.6195,"{'learning_rate': 0.1, 'max_depth': 5}"
Exp A,TxP_PFAS,ERa_antagonist,RandomForest,3,1,573,114,0.199,0.5995,0.2601,0.0987,0.5568,"{'max_features': 0.2, 'n_estimators': 200}"
Exp A,TxP_PFAS,ERa_antagonist,GradientBoosting,3,1,573,114,0.199,0.5809,0.2376,0.0987,0.5568,"{'learning_rate': 0.05, 'max_depth': 3}"
Exp A,TxP_PFAS,ERa_antagonist,RandomForest,3,2,573,114,0.199,0.6865,0.3515,0.2212,0.6292,"{'max_features': 0.2, 'n_estimators': 200}"
Exp A,TxP_PFAS,ERa_antagonist,GradientBoosting,3,2,573,114,0.199,0.6405,0.2792,0.1364,0.5834,"{'learning_rate': 0.05, 'max_depth': 3}"
Exp A,TxP_PFAS,ERa_antagonist,RandomForest,4,0,573,114,0.199,0.5776,0.2527,0.0316,0.5136,"{'max_features': 'sqrt', 'n_estimators': 200}"
Exp A,TxP_PFAS,ERa_antagonist,GradientBoosting,4,0,573,114,0.199,0.598,0.247,0.0193,0.5107,"{'learning_rate': 0.1, 'max_depth': 5}"
Exp A,TxP_PFAS,ERa_antagonist,RandomForest,4,1,573,114,0.199,0.5731,0.2436,-0.0149,0.4912,"{'max_features': 'sqrt', 'n_estimators': 200}"
Exp A,TxP_PFAS,ERa_antagonist,GradientBoosting,4,1,573,114,0.199,0.5287,0.2158,-0.0341,0.4787,"{'learning_rate': 0.1, 'max_depth': 3}"
Exp A,TxP_PFAS,ERa_antagonist,RandomForest,4,2,573,114,0.199,0.5778,0.2913,-0.0642,0.4628,"{'max_features': 0.2, 'n_estimators': 200}"
Exp A,TxP_PFAS,ERa_antagonist,GradientBoosting,4,2,573,114,0.199,0.4986,0.223,-0.1439,0.4203,"{'learning_rate': 0.05, 'max_depth': 3}"
Exp A,PFG_binary,ERa_antagonist,RandomForest,0,0,573,114,0.199,0.6237,0.3195,0.2555,0.6388,"{'max_features': 'sqrt', 'n_estimators': 200}"
Exp A,PFG_binary,ERa_antagonist,GradientBoosting,0,0,573,114,0.199,0.6332,0.2863,0.2297,0.6358,"{'learning_rate': 0.1, 'max_depth': 3}"
Exp A,PFG_binary,ERa_antagonist,RandomForest,0,1,573,114,0.199,0.6103,0.2944,0.1961,0.6093,"{'max_features': 'sqrt', 'n_estimators': 400}"
Exp A,PFG_binary,ERa_antagonist,GradientBoosting,0,1,573,114,0.199,0.609,0.2587,0.1866,0.6129,"{'learning_rate': 0.05, 'max_depth': 3}"
Exp A,PFG_binary,ERa_antagonist,RandomForest,0,2,573,114,0.199,0.6012,0.2997,0.0984,0.5605,"{'max_features': 0.2, 'n_estimators': 400}"
Exp A,PFG_binary,ERa_antagonist,GradientBoosting,0,2,573,114,0.199,0.5269,0.216,0.0447,0.5277,"{'learning_rate': 0.05, 'max_depth': 3}"
Exp A,PFG_binary,ERa_antagonist,RandomForest,1,0,573,114,0.199,0.6422,0.3054,0.1822,0.6028,"{'max_features': 'sqrt', 'n_estimators': 200}"
Exp A,PFG_binary,ERa_antagonist,GradientBoosting,1,0,573,114,0.199,0.5426,0.2108,0.0874,0.5539,"{'learning_rate': 0.1, 'max_depth': 3}"
Exp A,PFG_binary,ERa_antagonist,RandomForest,1,1,573,114,0.199,0.6511,0.3345,0.1777,0.6029,"{'max_features': 0.2, 'n_estimators': 400}"
Exp A,PFG_binary,ERa_antagonist,GradientBoosting,1,1,573,114,0.199,0.5558,0.2441,0.1364,0.5834,"{'learning_rate': 0.1, 'max_depth': 3}"
Exp A,PFG_binary,ERa_antagonist,RandomForest,1,2,573,114,0.199,0.6348,0.3101,0.2067,0.5858,"{'max_features': 'sqrt', 'n_estimators': 200}"
Exp A,PFG_binary,ERa_antagonist,GradientBoosting,1,2,573,114,0.199,0.6301,0.2804,0.2408,0.6458,"{'learning_rate': 0.1, 'max_depth': 3}"
Exp A,PFG_binary,ERa_antagonist,RandomForest,2,0,573,114,0.199,0.5669,0.2923,0.1012,0.5568,"{'max_features': 0.2, 'n_estimators': 400}"
Exp A,PFG_binary,ERa_antagonist,GradientBoosting,2,0,573,114,0.199,0.539,0.2161,0.0236,0.5144,"{'learning_rate': 0.1, 'max_depth': 3}"
Exp A,PFG_binary,ERa_antagonist,RandomForest,2,1,573,114,0.199,0.6354,0.3143,0.2297,0.6358,"{'max_features': 'sqrt', 'n_estimators': 400}"
Exp A,PFG_binary,ERa_antagonist,GradientBoosting,2,1,573,114,0.199,0.6282,0.2733,0.2321,0.6426,"{'learning_rate': 0.05, 'max_depth': 3}"
Exp A,PFG_binary,ERa_antagonist,RandomForest,2,2,573,114,0.199,0.6225,0.3039,0.0976,0.5534,"{'max_features': 'sqrt', 'n_estimators': 200}"
Exp A,PFG_binary,ERa_antagonist,GradientBoosting,2,2,573,114,0.199,0.6365,0.2631,0.2228,0.636,"{'learning_rate': 0.05, 'max_depth': 3}"
Exp A,PFG_binary,ERa_antagonist,RandomForest,3,0,573,114,0.199,0.6798,0.3446,0.2477,0.6389,"{'max_features': 0.2, 'n_estimators': 400}"
Exp A,PFG_binary,ERa_antagonist,GradientBoosting,3,0,573,114,0.199,0.6087,0.2654,0.2083,0.6226,"{'learning_rate': 0.1, 'max_depth': 3}"
Exp A,PFG_binary,ERa_antagonist,RandomForest,3,1,573,114,0.199,0.6223,0.2863,0.2083,0.6226,"{'max_features': 0.2, 'n_estimators': 200}"
Exp A,PFG_binary,ERa_antagonist,GradientBoosting,3,1,573,114,0.199,0.5734,0.2339,0.1133,0.5704,"{'learning_rate': 0.1, 'max_depth': 3}"
Exp A,PFG_binary,ERa_antagonist,RandomForest,3,2,573,114,0.199,0.6365,0.3247,0.1996,0.616,"{'max_features': 'sqrt', 'n_estimators': 200}"
Exp A,PFG_binary,ERa_antagonist,GradientBoosting,3,2,573,114,0.199,0.6041,0.2524,0.1575,0.5966,"{'learning_rate': 0.05, 'max_depth': 3}"
Exp A,PFG_binary,ERa_antagonist,RandomForest,4,0,573,114,0.199,0.7245,0.347,0.2293,0.6123,"{'max_features': 0.2, 'n_estimators': 400}"
Exp A,PFG_binary,ERa_antagonist,GradientBoosting,4,0,573,114,0.199,0.6342,0.2652,0.2623,0.6624,"{'learning_rate': 0.05, 'max_depth': 3}"
Exp A,PFG_binary,ERa_antagonist,RandomForest,4,1,573,114,0.199,0.5506,0.2514,0.1142,0.5633,"{'max_features': 'sqrt', 'n_estimators': 200}"
Exp A,PFG_binary,ERa_antagonist,GradientBoosting,4,1,573,114,0.199,0.4691,0.2055,0.0237,0.5144,"{'learning_rate': 0.05, 'max_depth': 3}"
Exp A,PFG_binary,ERa_antagonist,RandomForest,4,2,573,114,0.199,0.6246,0.3506,0.0159,0.5089,"{'max_features': 0.2, 'n_estimators': 200}"
Exp A,PFG_binary,ERa_antagonist,GradientBoosting,4,2,573,114,0.199,0.5814,0.2667,-0.0269,0.4862,"{'learning_rate': 0.05, 'max_depth': 3}"
Exp A,PFG_binary+mol,ERa_antagonist,RandomForest,0,0,573,114,0.199,0.6257,0.3108,0.1464,0.5629,"{'max_features': 'sqrt', 'n_estimators': 200}"
Exp A,PFG_binary+mol,ERa_antagonist,GradientBoosting,0,0,573,114,0.199,0.7168,0.4164,0.2889,0.6754,"{'learning_rate': 0.05, 'max_depth': 5}"
Exp A,PFG_binary+mol,ERa_antagonist,RandomForest,0,1,573,114,0.199,0.6585,0.4465,0.2992,0.6219,"{'max_features': 'sqrt', 'n_estimators': 400}"
Exp A,PFG_binary+mol,ERa_antagonist,GradientBoosting,0,1,573,114,0.199,0.687,0.4468,0.2913,0.6652,"{'learning_rate': 0.05, 'max_depth': 5}"
Exp A,PFG_binary+mol,ERa_antagonist,RandomForest,0,2,573,114,0.199,0.6303,0.3843,0.2385,0.6156,"{'max_features': 0.2, 'n_estimators': 200}"
Exp A,PFG_binary+mol,ERa_antagonist,GradientBoosting,0,2,573,114,0.199,0.5956,0.2886,0.1272,0.5733,"{'learning_rate': 0.05, 'max_depth': 5}"
Exp A,PFG_binary+mol,ERa_antagonist,RandomForest,1,0,573,114,0.199,0.6615,0.4195,0.2534,0.6155,"{'max_features': 0.2, 'n_estimators': 200}"
Exp A,PFG_binary+mol,ERa_antagonist,GradientBoosting,1,0,573,114,0.199,0.7294,0.4115,0.2828,0.6721,"{'learning_rate': 0.05, 'max_depth': 3}"
Exp A,PFG_binary+mol,ERa_antagonist,RandomForest,1,1,573,114,0.199,0.5601,0.3008,0.1191,0.5564,"{'max_features': 'sqrt', 'n_estimators': 200}"
Exp A,PFG_binary+mol,ERa_antagonist,GradientBoosting,1,1,573,114,0.199,0.6345,0.3087,0.0849,0.5504,"{'learning_rate': 0.1, 'max_depth': 5}"
Exp A,PFG_binary+mol,ERa_antagonist,RandomForest,1,2,573,114,0.199,0.5503,0.2943,0.0336,0.5171,"{'max_features': 0.2, 'n_estimators': 200}"
Exp A,PFG_binary+mol,ERa_antagonist,GradientBoosting,1,2,573,114,0.199,0.5795,0.2615,0.1307,0.5766,"{'learning_rate': 0.05, 'max_depth': 5}"
Exp A,PFG_binary+mol,ERa_antagonist,RandomForest,2,0,573,114,0.199,0.6039,0.3596,0.2589,0.6055,"{'max_features': 'sqrt', 'n_estimators': 200}"
Exp A,PFG_binary+mol,ERa_antagonist,GradientBoosting,2,0,573,114,0.199,0.6395,0.3214,0.2046,0.6227,"{'learning_rate': 0.05, 'max_depth': 3}"
Exp A,PFG_binary+mol,ERa_antagonist,RandomForest,2,1,573,114,0.199,0.6397,0.3791,0.1539,0.5762,"{'max_features': 'sqrt', 'n_estimators': 200}"
Exp A,PFG_binary+mol,ERa_antagonist,GradientBoosting,2,1,573,114,0.199,0.6637,0.3497,0.1833,0.6096,"{'learning_rate': 0.1, 'max_depth': 5}"
Exp A,PFG_binary+mol,ERa_antagonist,RandomForest,2,2,573,114,0.199,0.6192,0.3639,0.3121,0.6318,"{'max_features': 0.2, 'n_estimators': 200}"
Exp A,PFG_binary+mol,ERa_antagonist,GradientBoosting,2,2,573,114,0.199,0.6243,0.3007,0.1594,0.5965,"{'learning_rate': 0.05, 'max_depth': 3}"
Exp A,PFG_binary+mol,ERa_antagonist,RandomForest,3,0,573,114,0.199,0.7001,0.5366,0.3141,0.6451,"{'max_features': 'sqrt', 'n_estimators': 200}"
Exp A,PFG_binary+mol,ERa_antagonist,GradientBoosting,3,0,573,114,0.199,0.7083,0.3482,0.2722,0.6621,"{'learning_rate': 0.05, 'max_depth': 5}"
Exp A,PFG_binary+mol,ERa_antagonist,RandomForest,3,1,573,114,0.199,0.5593,0.2894,0.1719,0.5794,"{'max_features': 'sqrt', 'n_estimators': 200}"
Exp A,PFG_binary+mol,ERa_antagonist,GradientBoosting,3,1,573,114,0.199,0.6285,0.3067,0.2019,0.6194,"{'learning_rate': 0.05, 'max_depth': 3}"
Exp A,PFG_binary+mol,ERa_antagonist,RandomForest,3,2,573,114,0.199,0.5648,0.2872,0.1054,0.5532,"{'max_features': 0.2, 'n_estimators': 200}"
Exp A,PFG_binary+mol,ERa_antagonist,GradientBoosting,3,2,573,114,0.199,0.6563,0.289,0.2077,0.6261,"{'learning_rate': 0.05, 'max_depth': 3}"
Exp A,PFG_binary+mol,ERa_antagonist,RandomForest,4,0,573,114,0.199,0.6047,0.2806,0.001,0.5004,"{'max_features': 0.2, 'n_estimators': 200}"
Exp A,PFG_binary+mol,ERa_antagonist,GradientBoosting,4,0,573,114,0.199,0.6314,0.261,0.1463,0.5865,"{'learning_rate': 0.05, 'max_depth': 3}"
Exp A,PFG_binary+mol,ERa_antagonist,RandomForest,4,1,573,114,0.199,0.5372,0.3023,0.1719,0.5794,"{'max_features': 0.2, 'n_estimators': 400}"
Exp A,PFG_binary+mol,ERa_antagonist,GradientBoosting,4,1,573,114,0.199,0.6684,0.3286,0.255,0.6422,"{'learning_rate': 0.05, 'max_depth': 3}"
Exp A,PFG_binary+mol,ERa_antagonist,RandomForest,4,2,573,114,0.199,0.6471,0.3305,0.2067,0.5858,"{'max_features': 0.2, 'n_estimators': 200}"
Exp A,PFG_binary+mol,ERa_antagonist,GradientBoosting,4,2,573,114,0.199,0.6352,0.3075,0.1883,0.6164,"{'learning_rate': 0.05, 'max_depth': 3}"
