id,name,smiles,formula,atlas_class1,atlas_class2,pg_all_groups
DTXSID00184314,"Perfluoro-2,7-dimethyloctane",FC(F)(F)C(F)(C(F)(F)F)C(F)(F)C(F)(F)C(F)(F)C(F)(F)C(F)(C(F)(F)F)C(F)(F)F,C10F22,Other PFASs,,20: OECD hydrofluorocarbons; 23: OECD perfluoroalkane
DTXSID00187143,8H-Perfluorooctane,FC(F)C(F)(F)C(F)(F)C(F)(F)C(F)(F)C(F)(F)C(F)(F)C(F)(F)F,C8HF17,PFAA precursors,,20: OECD hydrofluorocarbons; 21: OECD semi-fluorinated alkanes
DTXSID00195203,Vinyl perfluorovalerate,FC(F)(F)C(F)(F)C(F)(F)C(F)(F)C(=O)OC=C,C7H3F9O2,Polyfluoroalkyl acids,,
DTXSID00335703,Methyl perfluoroheptanoate,COC(=O)C(F)(F)C(F)(F)C(F)(F)C(F)(F)C(F)(F)C(F)(F)F,C8H3F13O2,PFAAs,,
DTXSID00336619,Prop-2-en-1-yl heptadecafluorononanoate,FC(F)(F)C(F)(F)C(F)(F)C(F)(F)C(F)(F)C(F)(F)C(F)(F)C(F)(F)C(=O)OCC=C,C12H5F17O2,Polyfluoroalkyl acids,,
DTXSID00377825,Perfluoropentanoic anhydride,FC(F)(F)C(F)(F)C(F)(F)C(F)(F)C(=O)OC(=O)C(F)(F)C(F)(F)C(F)(F)C(F)(F)F,C10F18O3,PFAAs,,
DTXSID00379288,CIS-1-IODO-2-(HEPTAFLUOROPROPYL)CYCLOHEXANE,FC(F)(F)C(F)(F)C(F)(F)[C@H]1CCCC[C@H]1I,C9H10F7I,"Other PFASs, cyclic",,
DTXSID00379561,Methyl perfluorooctadecanoate,COC(=O)C(F)(F)C(F)(F)C(F)(F)C(F)(F)C(F)(F)C(F)(F)C(F)(F)C(F)(F)C(F)(F)C(F)(F)C(F)(F)C(F)(F)C(F)(F)C(F)(F)C(F)(F)C(F)(F)C(F)(F)F,C19H3F35O2,PFAAs,,
DTXSID00379566,Methyl perfluoroundecanoate,COC(=O)C(F)(F)C(F)(F)C(F)(F)C(F)(F)C(F)(F)C(F)(F)C(F)(F)C(F)(F)C(F)(F)C(F)(F)F,C12H3F21O2,PFAAs,,
DTXSID00379884,"3-(Perfluoro-3-methylbutyl)-1,2-propenoxide",FC(F)(F)C(F)(C(F)(F)F)C(F)(F)C(F)(F)CC1CO1,C8H5F11O,"Other PFASs, cyclic",,
DTXSID00380031,Perfluorotridecane,FC(F)(F)C(F)(F)C(F)(F)C(F)(F)C(F)(F)C(F)(F)C(F)(F)C(F)(F)C(F)(F)C(F)(F)C(F)(F)C(F)(F)C(F)(F)F,C13F28,Other PFASs,,20: OECD hydrofluorocarbons; 23: OECD perfluoroalkane
DTXSID00471973,"Oxirane, (heptadecafluorooctyl)-",FC(F)(F)C(F)(F)C(F)(F)C(F)(F)C(F)(F)C(F)(F)C(F)(F)C(F)(F)C1CO1,C10H3F17O,"Other PFASs, cyclic",,
DTXSID0059794,Perfluorooctane,FC(F)(F)C(F)(F)C(F)(F)C(F)(F)C(F)(F)C(F)(F)C(F)(F)C(F)(F)F,C8F18,Other PFASs,,20: OECD hydrofluorocarbons; 23: OECD perfluoroalkane
DTXSID00663114,Nonadecafluorodecanoic anhydride,FC(F)(F)C(F)(F)C(F)(F)C(F)(F)C(F)(F)C(F)(F)C(F)(F)C(F)(F)C(F)(F)C(=O)OC(=O)C(F)(F)C(F)(F)C(F)(F)C(F)(F)C(F)(F)C(F)(F)C(F)(F)C(F)(F)C(F)(F)F,C20F38O3,PFAAs,,
DTXSID00774092,"1-[Bis(2-hydroxyethyl)amino]-4,4,5,5,6,6,6-heptafluorohexan-2-ol",OCCN(CCO)CC(O)CC(F)(F)C(F)(F)C(F)(F)F,C10H16F7NO3,PFAA precursors,,
DTXSID00775625,4-Nitrophenyl heptafluorobutanoate,[O-][N+](=O)C1=CC=C(OC(=O)C(F)(F)C(F)(F)C(F)(F)F)C=C1,C10H4F7NO4,Other PFASs,,
DTXSID00880465,"(1H,1H-Perfluoro-12-methyltridecyl)oxirane",FC(F)(F)C(F)(C(F)(F)F)C(F)(F)C(F)(F)C(F)(F)C(F)(F)C(F)(F)C(F)(F)C(F)(F)C(F)(F)C(F)(F)C(F)(F)CC1CO1,C16H5F27O,"Other PFASs, cyclic",,
DTXSID00881018,"1,1'-[Oxybis[(1-methyl-2,1-ethanediyl)oxy]]bis[3-(perfluorodecyl)propan-2-ol]",CC(COCC(C)OCC(O)CC(F)(F)C(F)(F)C(F)(F)C(F)(F)C(F)(F)C(F)(F)C(F)(F)C(F)(F)C(F)(F)C(F)(F)F)OCC(O)CC(F)(F)C(F)(F)C(F)(F)C(F)(F)C(F)(F)C(F)(F)C(F)(F)C(F)(F)C(F)(F)C(F)(F)F,C32H24F42O5,PFAA precursors,,
DTXSID00881053,Bis(2-hydroxyethyl)methyl(3-(perfluorooctyl)-2-hydroxypropyl)ammonium iodide,[I-].C[N+](CCO)(CCO)CC(O)CC(F)(F)C(F)(F)C(F)(F)C(F)(F)C(F)(F)C(F)(F)C(F)(F)C(F)(F)F,C16H19F17INO3,Other PFASs,,
DTXSID00881139,((Perfluorotetradecyl)methyl)oxirane,FC(F)(F)C(F)(F)C(F)(F)C(F)(F)C(F)(F)C(F)(F)C(F)(F)C(F)(F)C(F)(F)C(F)(F)C(F)(F)C(F)(F)C(F)(F)C(F)(F)CC1CO1,C17H5F29O,"Other PFASs, cyclic",,
DTXSID00881154,1-((3-(Dimethylamino)propyl)amino)-(3-(perfluoro-11-methyldodecyl))propan-2-ol,CN(C)CCCNCC(O)CC(F)(F)C(F)(F)C(F)(F)C(F)(F)C(F)(F)C(F)(F)C(F)(F)C(F)(F)C(F)(F)C(F)(F)C(F)(C(F)(F)F)C(F)(F)F,C21H19F27N2O,Other PFASs,,
DTXSID00881159,"4,4,5,5,6,6,7,7,8,8,9,9,10,10,11,11,11-Heptadecafluoro-1-(vinyloxy)undecan-2-ol",OC(COC=C)CC(F)(F)C(F)(F)C(F)(F)C(F)(F)C(F)(F)C(F)(F)C(F)(F)C(F)(F)F,C13H9F17O2,Other PFASs,,
DTXSID00893252,"3,3-Bis(trifluoromethyl)perfluoropentane",FC(F)(F)C(F)(F)C(C(F)(F)F)(C(F)(F)F)C(F)(F)C(F)(F)F,C7F16,Other PFASs,,20: OECD hydrofluorocarbons; 23: OECD perfluoroalkane
DTXSID00893292,"Perfluoro-2,2,5,5-tetramethylhexane",FC(F)(F)C(C(F)(F)F)(C(F)(F)F)C(F)(F)C(F)(F)C(C(F)(F)F)(C(F)(F)F)C(F)(F)F,C10F22,Other PFASs,,20: OECD hydrofluorocarbons; 23: OECD perfluoroalkane
DTXSID00895155,"1,1,1,2,2,3,3,4,4-Nonafluoropentane",CC(F)(F)C(F)(F)C(F)(F)C(F)(F)F,C5H3F9,PFAA precursors,,20: OECD hydrofluorocarbons
DTXSID00895216,"1,1,1,2,2,3,3,5,5,5-Decafluoro-4,4-bis(trifluoromethyl)pentane",FC(F)(F)C(F)(F)C(F)(F)C(C(F)(F)F)(C(F)(F)F)C(F)(F)F,C7F16,Other PFASs,,20: OECD hydrofluorocarbons; 23: OECD perfluoroalkane
DTXSID00895317,"1,1,1,2,2,3,3-Heptafluoro-6-iodo-4,4-bis(trifluoromethyl)decane",CCCCC(I)CC(C(F)(F)F)(C(F)(F)F)C(F)(F)C(F)(F)C(F)(F)F,C12H12F13I,Other PFASs,,
DTXSID00895458,Heptadecafluorononanenitrile,FC(F)(F)C(F)(F)C(F)(F)C(F)(F)C(F)(F)C(F)(F)C(F)(F)C(F)(F)C#N,C9F17N,Other PFASs,,
DTXSID00895493,"2,2,3,3,4,4,4-Heptafluorobutyl carbonochloridate",FC(F)(F)C(F)(F)C(F)(F)COC(Cl)=O,C5H2ClF7O2,Other PFASs,,
DTXSID00895498,3-[(Nonafluorobutyl)sulfanyl]propan-1-ol,OCCCSC(F)(F)C(F)(F)C(F)(F)C(F)(F)F,C7H7F9OS,PFAA precursors,,
DTXSID00895650,"2-(2,2,3,3,4,4,5,5,6,6,7,7,8,8,8-Pentadecafluorooctyl)oxirane",FC(F)(F)C(F)(F)C(F)(F)C(F)(F)C(F)(F)C(F)(F)C(F)(F)CC1CO1,C10H5F15O,"Other PFASs, cyclic",,
DTXSID00895655,Tetradecyl heptafluorobutanoate,CCCCCCCCCCCCCCOC(=O)C(F)(F)C(F)(F)C(F)(F)F,C18H29F7O2,PFAAs,,
DTXSID00895736,[(Nonafluorobutyl)disulfanyl]benzene,FC(F)(F)C(F)(F)C(F)(F)C(F)(F)SSc1ccccc1,C10H5F9S2,Other PFASs,,
DTXSID00895958,"4-(Nonafluorobutyl)-1,3-dioxolan-2-one",FC(F)(F)C(F)(F)C(F)(F)C(F)(F)C1COC(=O)O1,C7H3F9O3,"PFAA precursors, cyclic",,
DTXSID00896006,"4-(2,2,3,3,4,4,5,5,6,6,7,7,7-Tridecafluoroheptyl)-1,3-dioxolan-2-one",FC(F)(F)C(F)(F)C(F)(F)C(F)(F)C(F)(F)C(F)(F)CC1COC(=O)O1,C10H5F13O3,"PFAA precursors, cyclic",,
DTXSID00896046,3-(Heptadecafluorooctyl)oxan-2-ol,OC1OCCCC1C(F)(F)C(F)(F)C(F)(F)C(F)(F)C(F)(F)C(F)(F)C(F)(F)C(F)(F)F,C13H9F17O2,"PFAA precursors, cyclic",,
DTXSID00896147,"1-Chloro-4-(1,1,2,2,3,3,4,4,5,5,6,6,6-tridecafluorohexane-1-sulfonyl)benzene",FC(F)(F)C(F)(F)C(F)(F)C(F)(F)C(F)(F)C(F)(F)S(=O)(=O)c1ccc(Cl)cc1,C12H4ClF13O2S,Other PFASs,,
DTXSID00896349,"1-Amino-4,4,5,5,6,6,7,7,8,9,9,9-dodecafluoro-8-(trifluoromethyl)nonan-2-ol",NCC(O)CC(F)(F)C(F)(F)C(F)(F)C(F)(F)C(F)(C(F)(F)F)C(F)(F)F,C10H8F15NO,Other PFASs,,
DTXSID00896566,"33,33,34,34,35,35,36,36,37,37,38,38,39,39,40,40,41,41,42,42,43,43,44,44,44-Pentacosafluoro-2,5,8,11,14,17,20,23,26,29-decaoxatetratetracontan-31-ol",COCCOCCOCCOCCOCCOCCOCCOCCOCCOCC(O)CC(F)(F)C(F)(F)C(F)(F)C(F)(F)C(F)(F)C(F)(F)C(F)(F)C(F)(F)C(F)(F)C(F)(F)C(F)(F)C(F)(F)F,C34H45F25O11,PFAA precursors,,
DTXSID00896723,"11-(Nonafluorobutyl)-9,10-dihydro-9,10-(epithiomethano)anthracene",FC(F)(F)C(F)(F)C(F)(F)C(F)(F)C1SC2c3ccccc3C1c1ccccc21,C19H11F9S,Other PFASs,,
DTXSID00896824,"Bis(2,2,3,3,4,4,4-heptafluorobutyl) carbonate",FC(F)(F)C(F)(F)C(F)(F)COC(=O)OCC(F)(F)C(F)(F)C(F)(F)F,C9H4F14O3,Polyfluoroalkyl acids,,
DTXSID00896965,Perfluorobutanesulfinyl chloride,FC(F)(F)C(F)(F)C(F)(F)C(F)(F)S(Cl)=O,C4ClF9OS,Other PFASs,,
DTXSID00897477,"(17?)-3-[(Trimethylsilyl)oxy]estra-1,3,5(10)-trien-17-ol perfluorobutanoate",[H][C@@]1(CC[C@@]2([H])[C@]3([H])CCC4=CC(O[Si](C)(C)C)=CC=C4[C@@]3([H])CC[C@]12C)OC(=O)C(F)(F)C(F)(F)C(F)(F)F,C25H31F7O3Si,Other PFASs,,
DTXSID00897513,Potassium bis(perfluorohexyl)difluoroborate,[K+].F[B-](F)(C(F)(F)C(F)(F)C(F)(F)C(F)(F)C(F)(F)C(F)(F)F)C(F)(F)C(F)(F)C(F)(F)C(F)(F)C(F)(F)C(F)(F)F,C12BF28K,Other PFASs,,
DTXSID10204138,"1,1,2,2,3,3,4,4,5,5,6,6,6-Tridecafluorohexane-1-sulphonyl chloride",FC(F)(F)C(F)(F)C(F)(F)C(F)(F)C(F)(F)C(F)(F)S(Cl)(=O)=O,C6ClF13O2S,PFAA precursors,,
DTXSID10335698,Methyl nonafluorovalerate,COC(=O)C(F)(F)C(F)(F)C(F)(F)C(F)(F)F,C6H3F9O2,PFAAs,,
DTXSID10336882,1-Heptafluorobutyryloxydecane,CCCCCCCCCCOC(=O)C(F)(F)C(F)(F)C(F)(F)F,C14H21F7O2,PFAAs,,
DTXSID10336923,"Octadecyl 2,2,3,3,4,4,4-heptafluorobutanoate",CCCCCCCCCCCCCCCCCCOC(=O)C(F)(F)C(F)(F)C(F)(F)F,C22H37F7O2,PFAAs,,
DTXSID10371374,"Ethyl 3-(2-ethoxy-2-oxoethyl)-5-(2,2,3,3,4,4,5,5,6,6,7,7,8,8,9,9,9-heptadecafluorononyl)-2-oxooxolane-3-carboxylate",CCOC(=O)CC1(CC(CC(F)(F)C(F)(F)C(F)(F)C(F)(F)C(F)(F)C(F)(F)C(F)(F)C(F)(F)F)OC1=O)C(=O)OCC,C20H17F17O6,"Polyfluoroalkyl acids, cyclic",,
DTXSID10375110,Perfluoropentadecane,FC(F)(F)C(F)(F)C(F)(F)C(F)(F)C(F)(F)C(F)(F)C(F)(F)C(F)(F)C(F)(F)C(F)(F)C(F)(F)C(F)(F)C(F)(F)C(F)(F)C(F)(F)F,C15F32,Other PFASs,,20: OECD hydrofluorocarbons; 23: OECD perfluoroalkane
DTXSID10379254,"1H,1H-Heptafluorobutyl epoxide",FC(F)(F)C(F)(F)C(F)(F)CC1CO1,C6H5F7O,"Other PFASs, cyclic",,
DTXSID10379274,"1-(1,1,1,2,3,3,3-Heptafluoropropan-2-yl)-2-iodocyclohexane",FC(F)(F)C(F)(C1CCCCC1I)C(F)(F)F,C9H10F7I,"Other PFASs, cyclic",,
DTXSID10380022,Perfluorotetracosane,FC(F)(F)C(F)(F)C(F)(F)C(F)(F)C(F)(F)C(F)(F)C(F)(F)C(F)(F)C(F)(F)C(F)(F)C(F)(F)C(F)(F)C(F)(F)C(F)(F)C(F)(F)C(F)(F)C(F)(F)C(F)(F)C(F)(F)C(F)(F)C(F)(F)C(F)(F)C(F)(F)C(F)(F)F,C24F50,Other PFASs,,20: OECD hydrofluorocarbons; 23: OECD perfluoroalkane
DTXSID10442957,"Bis{4-[3,3,4,4,5,5,5-heptafluoro-2,2-bis(trifluoromethyl)pentyl]phenyl}(phenyl)phosphane",FC(F)(F)C(F)(F)C(F)(F)C(CC1=CC=C(C=C1)P(C1=CC=CC=C1)C1=CC=C(CC(C(F)(F)F)(C(F)(F)F)C(F)(F)C(F)(F)C(F)(F)F)C=C1)(C(F)(F)F)C(F)(F)F,C32H17F26P,Other PFASs,,
DTXSID10508547,"Ethyl 2,3,3,3-tetrafluoro-2-(trifluoromethyl)propanoate",CCOC(=O)C(F)(C(F)(F)F)C(F)(F)F,C6H5F7O2,Polyfluoroalkyl acids,,
DTXSID10534164,2-Hydroxyethyl heptadecafluorononanoate,OCCOC(=O)C(F)(F)C(F)(F)C(F)(F)C(F)(F)C(F)(F)C(F)(F)C(F)(F)C(F)(F)F,C11H5F17O3,Polyfluoroalkyl acids,,
DTXSID10542188,Tris(nonafluorobutyl)(oxo)-lambda~5~-phosphane,FC(F)(F)C(F)(F)C(F)(F)C(F)(F)P(=O)(C(F)(F)C(F)(F)C(F)(F)C(F)(F)F)C(F)(F)C(F)(F)C(F)(F)C(F)(F)F,C12F27OP,Other PFASs,,
DTXSID10616671,"1,1,1,2,2,3,3,4,4,5,5,6,6,7,7,8,8,9,9,10,10,11,11,12,12,13,13-Heptacosafluorotridecane",FC(F)C(F)(F)C(F)(F)C(F)(F)C(F)(F)C(F)(F)C(F)(F)C(F)(F)C(F)(F)C(F)(F)C(F)(F)C(F)(F)C(F)(F)F,C13HF27,PFAA precursors,,20: OECD hydrofluorocarbons; 21: OECD semi-fluorinated alkanes
DTXSID10662951,"(1S,2R)-1-(Heptafluoropropyl)-2-iodocyclohexane",FC(F)(F)C(F)(F)C(F)(F)[C@@H]1CCCC[C@H]1I,C9H10F7I,"Other PFASs, cyclic",,
DTXSID10861881,Heptafluorobutanoic anhydride,FC(F)(F)C(F)(F)C(F)(F)C(=O)OC(=O)C(F)(F)C(F)(F)C(F)(F)F,C8F14O3,PFAAs,,
DTXSID10880118,"Perfluoro-2,3-dimethylpentane",FC(F)(F)C(F)(F)C(F)(C(F)(F)F)C(F)(C(F)(F)F)C(F)(F)F,C7F16,Other PFASs,,20: OECD hydrofluorocarbons; 23: OECD perfluoroalkane
DTXSID10880158,"Hexane, 1,1,1,2,2,3,3,4,5,5,6,6,6-tridecafluoro-4-(trifluoromethyl)-",FC(F)(F)C(F)(F)C(F)(F)C(F)(C(F)(F)F)C(F)(F)C(F)(F)F,C7F16,Other PFASs,,20: OECD hydrofluorocarbons; 23: OECD perfluoroalkane
DTXSID10880416,((Perfluorodecyl)methyl)oxirane,FC(F)(F)C(F)(F)C(F)(F)C(F)(F)C(F)(F)C(F)(F)C(F)(F)C(F)(F)C(F)(F)C(F)(F)CC1CO1,C13H5F21O,"Other PFASs, cyclic",,
DTXSID10880471,"(1H,1H-Perfluoro-16-methylheptadecyl)oxirane",FC(F)(F)C(F)(C(F)(F)F)C(F)(F)C(F)(F)C(F)(F)C(F)(F)C(F)(F)C(F)(F)C(F)(F)C(F)(F)C(F)(F)C(F)(F)C(F)(F)C(F)(F)C(F)(F)C(F)(F)CC1CO1,C20H5F35O,"Other PFASs, cyclic",,
DTXSID10881024,"32-(Perfluorodecyl)-2,5,8,11,14,17,20,23,26,29-decaoxadotriacontan-31-ol",COCCOCCOCCOCCOCCOCCOCCOCCOCCOCC(O)CC(F)(F)C(F)(F)C(F)(F)C(F)(F)C(F)(F)C(F)(F)C(F)(F)C(F)(F)C(F)(F)C(F)(F)F,C32H45F21O11,PFAA precursors,,
DTXSID10881029,(2-Carboxylatoethyl)-3-((perfluorodecyl)-2-hydroxypropyl)aminopropyldimethylammonium,[H]N(CCC[N+](C)(C)CCC([O-])=O)CC(O)CC(F)(F)C(F)(F)C(F)(F)C(F)(F)C(F)(F)C(F)(F)C(F)(F)C(F)(F)C(F)(F)C(F)(F)F,C21H23F21N2O3,Polyfluoroalkyl acids,,
DTXSID10881140,((Perfluorohexadecyl)methyl)oxirane,FC(F)(F)C(F)(F)C(F)(F)C(F)(F)C(F)(F)C(F)(F)C(F)(F)C(F)(F)C(F)(F)C(F)(F)C(F)(F)C(F)(F)C(F)(F)C(F)(F)C(F)(F)C(F)(F)CC1CO1,C19H5F33O,"Other PFASs, cyclic",,
DTXSID10881165,"4,4,5,5,6,6,7,7,8,8,9,9,10,10,11,11,11-Heptadecafluoro-1-phenoxyundecan-2-ol",OC(COC1=CC=CC=C1)CC(F)(F)C(F)(F)C(F)(F)C(F)(F)C(F)(F)C(F)(F)C(F)(F)C(F)(F)F,C17H11F17O2,Other PFASs,,
DTXSID10884373,"1,3-Dioxolane-2-carbonyl fluoride, 4-fluoro-5-oxo-2,4-bis(trifluoromethyl)-",FC(=O)C1(OC(=O)C(F)(O1)C(F)(F)F)C(F)(F)F,C6F8O4,"Other PFASs, cyclic",,
DTXSID10893283,2-[[[[5-[[[4-[[(Heptadecafluorooctyl)sulfonyl]methylamino]butoxy]carbonyl]amino]-2-methylphenyl]amino]carbonyl]oxy]propyl-2-methylpropenoate,CC(COC(=O)C(C)=C)O\C(O)=N\C1=C(C)C=CC(=C1)\N=C(/O)OCCCCNCS(=O)(=O)C(F)(F)C(F)(F)C(F)(F)C(F)(F)C(F)(F)C(F)(F)C(F)(F)C(F)(F)F,C29H30F17N3O8S,Other PFASs,,
DTXSID10894957,"1,1,1,2,2,3,3,4-octafluorobutane",FCC(F)(F)C(F)(F)C(F)(F)F,C4H2F8,PFAA precursors,,20: OECD hydrofluorocarbons
DTXSID10895267,"1,1,1,2,2,3,3,4,4,5,5,6,6,7,7,8,8,9,9,10,10,11,11,12,12-Pentacosafluorododecane",FC(F)C(F)(F)C(F)(F)C(F)(F)C(F)(F)C(F)(F)C(F)(F)C(F)(F)C(F)(F)C(F)(F)C(F)(F)C(F)(F)F,C12HF25,PFAA precursors,,20: OECD hydrofluorocarbons; 21: OECD semi-fluorinated alkanes
DTXSID10895520,"2,2,3,3,4,4,4-Heptafluorobutanimidohydrazide",NNC(=N)C(F)(F)C(F)(F)C(F)(F)F,C4H4F7N3,Other PFASs,,
DTXSID10895621,Octan-2-yl heptafluorobutanoate,CCCCCCC(C)OC(=O)C(F)(F)C(F)(F)C(F)(F)F,C12H17F7O2,PFAAs,,
DTXSID10895742,"2,2,3,3,4,4,5,5,6,6,7,7,8,8,8-Pentadecafluoro-N-hydroxyoctanimidamide",ONC(=N)C(F)(F)C(F)(F)C(F)(F)C(F)(F)C(F)(F)C(F)(F)C(F)(F)F,C8H3F15N2O,Other PFASs,,
DTXSID10895762,Propyl heptadecafluorononanoate,CCCOC(=O)C(F)(F)C(F)(F)C(F)(F)C(F)(F)C(F)(F)C(F)(F)C(F)(F)C(F)(F)F,C12H7F17O2,PFAAs,,
DTXSID10895929,Ethenyl heptadecafluorononanoate,FC(F)(F)C(F)(F)C(F)(F)C(F)(F)C(F)(F)C(F)(F)C(F)(F)C(F)(F)C(=O)OC=C,C11H3F17O2,Polyfluoroalkyl acids,,
DTXSID10896037,"Ethyl 2-(1,1,2,2,3,3,4,4,4-nonafluorobutane-1-sulfinyl)prop-2-enoate",CCOC(=O)C(=C)S(=O)C(F)(F)C(F)(F)C(F)(F)C(F)(F)F,C9H7F9O3S,Polyfluoroalkyl acids,,
DTXSID10896274,"7-(Heptafluoropropyl)-7-hydroxy-4,9-dimethoxy-6,7-dihydro-5H-furo[3,2-g][1]benzopyran-5-one",COc1c2C(=O)CC(O)(Oc2c(OC)c2occc12)C(F)(F)C(F)(F)C(F)(F)F,C16H11F7O6,Other PFASs,,
DTXSID10896375,"2-(1,1,1,2,3,3,3-Heptafluoropropan-2-yl)-2-(pentafluoroethyl)-3,3-bis(trifluoromethyl)oxirane",FC(F)(F)C(F)(F)C1(OC1(C(F)(F)F)C(F)(F)F)C(F)(C(F)(F)F)C(F)(F)F,C9F18O,"PFAA precursors, cyclic",,
DTXSID10896991,bis((Perfluoropropyl)methyl) phosphorochloridoate,FC(F)(F)C(F)(F)C(F)(F)COP(Cl)(=O)OCC(F)(F)C(F)(F)C(F)(F)F,C8H4ClF14O3P,Other PFASs,,
DTXSID10897024,"[N(E),S(S)]-N-phenylmethyleneperfluorobutanesulfinamide",[H]\C(=N/[S@@](=O)C(F)(F)C(F)(F)C(F)(F)C(F)(F)F)C1=CC=CC=C1,C11H6F9NOS,Other PFASs,,
DTXSID10897488,"1,3-Diethyl-2-methyl-5-[(perfluorohexyl)sulfonyl]-1H-benzimidazolium 4-methylbenzenesulfonate",CC1=CC=C(C=C1)S(O)(=O)=O.CCN1C(C)[NH+](CC)C2=C1C=CC(=C2)S(=O)(=O)C(F)(F)C(F)(F)C(F)(F)C(F)(F)C(F)(F)C(F)(F)F,C25H26F13N2O5S2,Other PFASs,,
DTXSID20188995,1H-Perfluorohexane,FC(F)C(F)(F)C(F)(F)C(F)(F)C(F)(F)C(F)(F)F,C6HF13,PFAA precursors,,20: OECD hydrofluorocarbons; 21: OECD semi-fluorinated alkanes
DTXSID20296261,"1,1,1,2,2,3,3-heptafluoro-5-nitro-4-(nitromethyl)pentane",[O-][N+](=O)CC(C[N+]([O-])=O)C(F)(F)C(F)(F)C(F)(F)F,C6H5F7N2O4,Other PFASs,,
DTXSID20330472,"1,1,1,2,2,3,3,4,4-Nonafluoro-4-[(1,1,2,2,3,3,4,4,4-nonafluorobutane-1-sulfonyl)methanesulfonyl]butane",FC(F)(F)C(F)(F)C(F)(F)C(F)(F)S(=O)(=O)CS(=O)(=O)C(F)(F)C(F)(F)C(F)(F)C(F)(F)F,C9H2F18O4S2,Other PFASs,,
DTXSID20335700,Methyl perfluorohexanoate,COC(=O)C(F)(F)C(F)(F)C(F)(F)C(F)(F)C(F)(F)F,C7H3F11O2,PFAAs,,
DTXSID20340298,"(1E)-2,2,3,3,4,4,4-Heptafluoro-N-(2-phenylethyl)butan-1-imine",FC(F)(F)C(F)(F)C(F)(F)\C=N\CCC1=CC=CC=C1,C12H10F7N,Other PFASs,,
DTXSID20371103,"Bis[1,1,1,3,3,4,4,5,5,5-decafluoro-2-(trifluoromethyl)pentan-2-yl]mercury",FC(F)(F)C(F)(F)C(F)(F)C([Hg]C(C(F)(F)F)(C(F)(F)F)C(F)(F)C(F)(F)C(F)(F)F)(C(F)(F)F)C(F)(F)F,C12F26Hg,Other PFASs,,
DTXSID20371921,Ethyl perfluorododecanoate,CCOC(=O)C(F)(F)C(F)(F)C(F)(F)C(F)(F)C(F)(F)C(F)(F)C(F)(F)C(F)(F)C(F)(F)C(F)(F)C(F)(F)F,C14H5F23O2,PFAAs,,
DTXSID20379361,"2,2,4,4,6,6-Hexakis[(2,2,3,3,4,4,5,5-octafluoropentyl)oxy]-1,3,5,2lambda~5~,4lambda~5~,6lambda~5~-triazatriphosphinine",FC(F)C(F)(F)C(F)(F)C(F)(F)COP1(OCC(F)(F)C(F)(F)C(F)(F)C(F)F)=NP(OCC(F)(F)C(F)(F)C(F)(F)C(F)F)(OCC(F)(F)C(F)(F)C(F)(F)C(F)F)=NP(OCC(F)(F)C(F)(F)C(F)(F)C(F)F)(OCC(F)(F)C(F)(F)C(F)(F)C(F)F)=N1,C30H18F48N3O6P3,"Other PFASs, cyclic",,
DTXSID20379422,"3-(2,2,3,3,4,4,5,5,6,6,7,7,8,8,9,9,9-heptadecafluorononyl)-4-(iodomethyl)oxolane",FC(F)(F)C(F)(F)C(F)(F)C(F)(F)C(F)(F)C(F)(F)C(F)(F)C(F)(F)CC1COCC1CI,C14H10F17IO,"Other PFASs, cyclic",,
DTXSID20379563,Methyl perfluoropentadecanoate,COC(=O)C(F)(F)C(F)(F)C(F)(F)C(F)(F)C(F)(F)C(F)(F)C(F)(F)C(F)(F)C(F)(F)C(F)(F)C(F)(F)C(F)(F)C(F)(F)C(F)(F)F,C16H3F29O2,PFAAs,,
DTXSID20379700,1H-Nonafluorobutane,FC(F)C(F)(F)C(F)(F)C(F)(F)F,C4HF9,PFAA precursors,,20: OECD hydrofluorocarbons; 21: OECD semi-fluorinated alkanes
DTXSID20379806,"1,1,1,2,3,3,4,4,5,5,6,6,7,7,8,8,9,9,10,10,11,12,12,12-tetracosafluoro-2,11-bis(trifluoromethyl)dodecane",FC(F)(F)C(F)(C(F)(F)F)C(F)(F)C(F)(F)C(F)(F)C(F)(F)C(F)(F)C(F)(F)C(F)(F)C(F)(F)C(F)(C(F)(F)F)C(F)(F)F,C14F30,Other PFASs,,20: OECD hydrofluorocarbons; 23: OECD perfluoroalkane
DTXSID20382153,Perfluoroheptanenitrile,FC(F)(F)C(F)(F)C(F)(F)C(F)(F)C(F)(F)C(F)(F)C#N,C7F13N,Other PFASs,,
DTXSID20433053,"Phosphorane, difluorotris(nonafluorobutyl)-",FC(F)(F)C(F)(F)C(F)(F)C(F)(F)P(F)(F)(C(F)(F)C(F)(F)C(F)(F)C(F)(F)F)C(F)(F)C(F)(F)C(F)(F)C(F)(F)F,C12F29P,Other PFASs,,
DTXSID20434227,"2(5H)-Furanone, 5-(heptafluoropropyl)-",FC(F)(F)C(F)(F)C(F)(F)C1OC(=O)C=C1,C7H3F7O2,"Other PFASs, cyclic",,
DTXSID20462500,"Hexane, 1-(ethenylsulfinyl)-1,1,2,2,3,3,4,4,5,5,6,6,6-tridecafluoro-",FC(F)(F)C(F)(F)C(F)(F)C(F)(F)C(F)(F)C(F)(F)S(=O)C=C,C8H3F13OS,Other PFASs,,
DTXSID20701380,Propan-2-yl heptadecafluorononanoate,CC(C)OC(=O)C(F)(F)C(F)(F)C(F)(F)C(F)(F)C(F)(F)C(F)(F)C(F)(F)C(F)(F)F,C12H7F17O2,PFAAs,,
DTXSID20772777,(Heptadecafluorooctyl)(dimethyl)silane,C[SiH](C)C(F)(F)C(F)(F)C(F)(F)C(F)(F)C(F)(F)C(F)(F)C(F)(F)C(F)(F)F,C10H7F17Si,Other PFASs,,
DTXSID20861913,Perfluorobutanesulfonyl fluoride,FC(F)(F)C(F)(F)C(F)(F)C(F)(F)S(F)(=O)=O,C4F10O2S,PFAA precursors,,26: OECD perfluoroalkane sulfonyl fluorides
DTXSID20880422,((Perfluoro-9-methyldecyl)methyl)oxirane,FC(F)(F)C(F)(C(F)(F)F)C(F)(F)C(F)(F)C(F)(F)C(F)(F)C(F)(F)C(F)(F)C(F)(F)C(F)(F)CC1CO1,C14H5F23O,"Other PFASs, cyclic",,
DTXSID20880442,"Perfluoro(3-ethyl-2,3-dimethylpentane)",FC(F)(F)C(F)(F)C(C(F)(F)F)(C(F)(F)C(F)(F)F)C(F)(C(F)(F)F)C(F)(F)F,C9F20,Other PFASs,,20: OECD hydrofluorocarbons; 23: OECD perfluoroalkane
DTXSID20880942,"2,3,5-Trifluorotetrahydro-4-(pentafluoroethyl)-2,3,4,5-tetrakis(trifluoromethyl)furan",FC(F)(F)C(F)(F)C1(C(F)(F)F)C(F)(OC(F)(C(F)(F)F)C1(F)C(F)(F)F)C(F)(F)F,C10F20O,"PFAA precursors, cyclic",,
DTXSID20881010,"1,1,1,2,3,4,5,5,5-Nonafluoro-2-(trifluoromethyl)pentane",FC(C(F)C(F)(C(F)(F)F)C(F)(F)F)C(F)(F)F,C6H2F12,PFAA precursors,,20: OECD hydrofluorocarbons; 21: OECD semi-fluorinated alkanes
DTXSID20881030,(2-Carboxyethyl)-3-((perfluorooctyl)-2-hydroxypropyl)aminopropyldimethylammonium hydroxide,C[N+](C)(CCCNCC(O)CC(F)(F)C(F)(F)C(F)(F)C(F)(F)C(F)(F)C(F)(F)C(F)(F)C(F)(F)F)CCC([O-])=O,C19H23F17N2O3,Polyfluoroalkyl acids,,
DTXSID20881136,1-(2-(2-Butoxyethoxy)ethoxy)3-(perfluorooctyl)propan-2-ol,CCCCOCCOCCOCC(O)CC(F)(F)C(F)(F)C(F)(F)C(F)(F)C(F)(F)C(F)(F)C(F)(F)C(F)(F)F,C19H23F17O4,PFAA precursors,,
DTXSID20881151,1-((3-(Dimethylamino)propyl)amino)-(3-(perfluorodecyl))propan-2-ol,CN(C)CCCNCC(O)CC(F)(F)C(F)(F)C(F)(F)C(F)(F)C(F)(F)C(F)(F)C(F)(F)C(F)(F)C(F)(F)C(F)(F)F,C18H19F21N2O,Other PFASs,,
DTXSID20881232,(2-Carboxyethyl)-3-(((perfluoro-7-methyloctyl)2-hydroxypropyl)amino)propyldimethylammonium hydroxide,[OH-].C[N+](C)(CCCNCC(O)CC(F)(F)C(F)(F)C(F)(F)C(F)(F)C(F)(F)C(F)(F)C(F)(C(F)(F)F)C(F)(F)F)CCC(O)=O,C20H25F19N2O4,Polyfluoroalkyl acids,,
DTXSID20893310,"Perfluoro-2,9-dimethyldecane",FC(F)(F)C(F)(C(F)(F)F)C(F)(F)C(F)(F)C(F)(F)C(F)(F)C(F)(F)C(F)(F)C(F)(C(F)(F)F)C(F)(F)F,C12F26,Other PFASs,,20: OECD hydrofluorocarbons; 23: OECD perfluoroalkane
DTXSID20893355,Perfluoro-3-methylheptane,FC(F)(F)C(F)(F)C(F)(F)C(F)(F)C(F)(C(F)(F)F)C(F)(F)C(F)(F)F,C8F18,Other PFASs,,20: OECD hydrofluorocarbons; 23: OECD perfluoroalkane
DTXSID20895455,Octatriacontafluorooctadecane,FC(F)(F)C(F)(F)C(F)(F)C(F)(F)C(F)(F)C(F)(F)C(F)(F)C(F)(F)C(F)(F)C(F)(F)C(F)(F)C(F)(F)C(F)(F)C(F)(F)C(F)(F)C(F)(F)C(F)(F)C(F)(F)F,C18F38,Other PFASs,,20: OECD hydrofluorocarbons; 23: OECD perfluoroalkane
DTXSID20895490,Butyl heptafluorobutanoate,CCCCOC(=O)C(F)(F)C(F)(F)C(F)(F)F,C8H9F7O2,PFAAs,,
DTXSID20895617,"Chlorotris(2,2,3,3,4,4,4-heptafluorobutoxy)silane",FC(F)(F)C(F)(F)C(F)(F)CO[Si](Cl)(OCC(F)(F)C(F)(F)C(F)(F)F)OCC(F)(F)C(F)(F)C(F)(F)F,C12H6ClF21O3Si,Other PFASs,,
DTXSID20895738,Butyl pentadecafluorooctanoate,CCCCOC(=O)C(F)(F)C(F)(F)C(F)(F)C(F)(F)C(F)(F)C(F)(F)C(F)(F)F,C12H9F15O2,PFAAs,,
DTXSID20896023,"Ethyl (1,1,2,2,3,3,4,4,4-nonafluorobutane-1-sulfonyl)acetate",CCOC(=O)CS(=O)(=O)C(F)(F)C(F)(F)C(F)(F)C(F)(F)F,C8H7F9O4S,Polyfluoroalkyl acids,,
DTXSID20896109,"2-(Tridecafluorohexyl)-5,6-dihydro-2H-pyran-2-ol",OC1(OCCC=C1)C(F)(F)C(F)(F)C(F)(F)C(F)(F)C(F)(F)C(F)(F)F,C11H7F13O2,"PFAA precursors, cyclic",,
DTXSID20896225,"N-{1-[3,5-Bis({[tert-butyl(dimethyl)silyl]oxy}methyl)phenyl]-2,2,3,3,4,4,5,5,6,6,7,7,7-tridecafluoroheptylidene}hydroxylamine",CC(C)(C)[Si](C)(C)OCc1cc(CO[Si](C)(C)C(C)(C)C)cc(c1)C(=NO)C(F)(F)C(F)(F)C(F)(F)C(F)(F)C(F)(F)C(F)(F)F,C27H38F13NO3Si2,Other PFASs,,
DTXSID20896967,tris((Perfluoropropyl)methyl) borate,FC(F)(F)C(F)(F)C(F)(F)COB(OCC(F)(F)C(F)(F)C(F)(F)F)OCC(F)(F)C(F)(F)C(F)(F)F,C12H6BF21O3,Other PFASs,,
DTXSID20897015,Perfluorohexanoic anhydride,FC(F)(F)C(F)(F)C(F)(F)C(F)(F)C(F)(F)C(=O)OC(=O)C(F)(F)C(F)(F)C(F)(F)C(F)(F)C(F)(F)F,C12F22O3,PFAAs,,
DTXSID20897252,2-C-(Heptafluoropropyl)-?-D-ribofuranose,[H][C@]1(CO)O[C@]([H])(O)[C@](O)([C@]1([H])O)C(F)(F)C(F)(F)C(F)(F)F,C8H9F7O5,"PFAA precursors, cyclic",,
DTXSID30184726,Perfluorododecane,FC(F)(F)C(F)(F)C(F)(F)C(F)(F)C(F)(F)C(F)(F)C(F)(F)C(F)(F)C(F)(F)C(F)(F)C(F)(F)C(F)(F)F,C12F26,Other PFASs,,20: OECD hydrofluorocarbons; 23: OECD perfluoroalkane
DTXSID30233046,Allyl perfluoropentanoate,FC(F)(F)C(F)(F)C(F)(F)C(F)(F)C(=O)OCC=C,C8H5F9O2,Polyfluoroalkyl acids,,
DTXSID30239942,Bis(tridecafluorohexyl) disulphide,FC(F)(F)C(F)(F)C(F)(F)C(F)(F)C(F)(F)C(F)(F)SSC(F)(F)C(F)(F)C(F)(F)C(F)(F)C(F)(F)C(F)(F)F,C12F26S2,Other PFASs,,
DTXSID30335837,Perfluoroundecane,FC(F)(F)C(F)(F)C(F)(F)C(F)(F)C(F)(F)C(F)(F)C(F)(F)C(F)(F)C(F)(F)C(F)(F)C(F)(F)F,C11F24,Other PFASs,,20: OECD hydrofluorocarbons; 23: OECD perfluoroalkane
DTXSID30340244,"1H,1H,7H-Perfluoroheptyl 4-methylbenzenesulfonate",CC1=CC=C(C=C1)S(=O)(=O)OCC(F)(F)C(F)(F)C(F)(F)C(F)(F)C(F)(F)C(F)F,C14H10F12O3S,Other PFASs,,
DTXSID30342046,"Butanoic acid, heptafluoro-, (4-methoxyphenyl)methyl ester",COC1=CC=C(COC(=O)C(F)(F)C(F)(F)C(F)(F)F)C=C1,C12H9F7O3,Other PFASs,,
DTXSID30379852,"1,1,1,2,2,3,3,4,4,5,5,6,6-Tridecafluoro-8,8-dimethoxyoctane",COC(CC(F)(F)C(F)(F)C(F)(F)C(F)(F)C(F)(F)C(F)(F)F)OC,C10H9F13O2,PFAA precursors,,
DTXSID30380766,Vinyl perfluorooctanoate,FC(F)(F)C(F)(F)C(F)(F)C(F)(F)C(F)(F)C(F)(F)C(F)(F)C(=O)OC=C,C10H3F15O2,Polyfluoroalkyl acids,,
DTXSID3046613,Perflenapent,FC(F)(F)C(F)(F)C(F)(F)C(F)(F)C(F)(F)F,C5F12,Other PFASs,,20: OECD hydrofluorocarbons; 23: OECD perfluoroalkane
DTXSID30541335,"5-(Heptafluoropropyl)dihydropyrimidine-2,4(1H,3H)-dione",FC(F)(F)C(F)(F)C(F)(F)C1CNC(=O)NC1=O,C7H5F7N2O2,"Other PFASs, cyclic",,
DTXSID3059925,Diethyl perfluoroadipate,CCOC(=O)C(F)(F)C(F)(F)C(F)(F)C(F)(F)C(=O)OCC,C10H10F8O4,PFAAs,,
DTXSID3059973,Perfluorohexanesulphonyl fluoride,FC(F)(F)C(F)(F)C(F)(F)C(F)(F)C(F)(F)C(F)(F)S(F)(=O)=O,C6F14O2S,PFAA precursors,,26: OECD perfluoroalkane sulfonyl fluorides
DTXSID3059977,Diethyl perfluoroglutarate,CCOC(=O)C(F)(F)C(F)(F)C(F)(F)C(=O)OCC,C9H10F6O4,PFAAs,,
DTXSID3071351,Perfluorononanesulfonyl fluoride,FC(F)(F)C(F)(F)C(F)(F)C(F)(F)C(F)(F)C(F)(F)C(F)(F)C(F)(F)C(F)(F)S(F)(=O)=O,C9F20O2S,PFAA precursors,,26: OECD perfluoroalkane sulfonyl fluorides
DTXSID30850994,3-Nitrophenyl heptafluorobutanoate,[O-][N+](=O)C1=CC(OC(=O)C(F)(F)C(F)(F)C(F)(F)F)=CC=C1,C10H4F7NO4,Other PFASs,,
DTXSID30880413,"3-(Perfluorohexyl)-1,2-epoxypropane",FC(F)(F)C(F)(F)C(F)(F)C(F)(F)C(F)(F)C(F)(F)CC1CO1,C9H5F13O,"Other PFASs, cyclic",,
DTXSID30881021,"1,1'-(Oxybis((2-methylethylene)oxy))bis(3-(perfluoro-9-methyldecyl)propan-2-ol)",CC(COCC(C)OCC(O)CC(F)(F)C(F)(F)C(F)(F)C(F)(F)C(F)(F)C(F)(F)C(F)(F)C(F)(F)C(F)(C(F)(F)F)C(F)(F)F)OCC(O)CC(F)(F)C(F)(F)C(F)(F)C(F)(F)C(F)(F)C(F)(F)C(F)(F)C(F)(F)C(F)(C(F)(F)F)C(F)(F)F,C34H24F46O5,PFAA precursors,,
DTXSID30881026,"32-(Perfluoro-11-methyldodecyl)-2,5,8,11,14,17,20,23,26,29-decaoxadotriacontan-31-ol",COCCOCCOCCOCCOCCOCCOCCOCCOCCOCC(O)CC(F)(F)C(F)(F)C(F)(F)C(F)(F)C(F)(F)C(F)(F)C(F)(F)C(F)(F)C(F)(F)C(F)(F)C(F)(C(F)(F)F)C(F)(F)F,C35H45F27O11,PFAA precursors,,
DTXSID30881162,"4-(2,2,3,3,4,4,5,5,6,6,7,7,8,8,9,9,9-Heptadecafluorononyl)-2,2-dimethyl-1,3-dioxolane",CC1(C)OCC(CC(F)(F)C(F)(F)C(F)(F)C(F)(F)C(F)(F)C(F)(F)C(F)(F)C(F)(F)F)O1,C14H11F17O2,"PFAA precursors, cyclic",,
DTXSID30895486,"2-(Heptafluoropropyl)-1,3-dioxolane",FC(F)(F)C(F)(F)C(F)(F)C1OCCO1,C6H5F7O2,"PFAA precursors, cyclic",,
DTXSID30895522,"2,2,3,3,4,4,4-Heptafluorobutyl methanesulfonate",CS(=O)(=O)OCC(F)(F)C(F)(F)C(F)(F)F,C5H5F7O3S,Polyfluoroalkyl acids,,
DTXSID30895688,"1-Bromo-4-[3,3,4,4,5,5,5-heptafluoro-2,2-bis(trifluoromethyl)pentyl]benzene",FC(F)(F)C(F)(F)C(F)(F)C(Cc1ccc(Br)cc1)(C(F)(F)F)C(F)(F)F,C13H6BrF13,Other PFASs,,
DTXSID30896170,"4-(Heptafluoropropyl)-1,3-dihydro-2H-1,5-benzodiazepin-2-one",FC(F)(F)C(F)(F)C(F)(F)C1=Nc2ccccc2NC(=O)C1,C12H7F7N2O,Other PFASs,,
DTXSID30896276,"7-Hydroxy-4,9-dimethoxy-7-(nonafluorobutyl)-6,7-dihydro-5H-furo[3,2-g][1]benzopyran-5-one",COc1c2C(=O)CC(O)(Oc2c(OC)c2occc12)C(F)(F)C(F)(F)C(F)(F)C(F)(F)F,C17H11F9O6,Other PFASs,,
DTXSID30896716,"1,1,1,2,3,3,4,4,5,5,6,6,7,7,8,8,8-Heptadecafluorooctan-2-yl carbamate",NC(=O)OC(F)(C(F)(F)F)C(F)(F)C(F)(F)C(F)(F)C(F)(F)C(F)(F)C(F)(F)F,C9H2F17NO2,Other PFASs,,
DTXSID30897041,(Perfluoropropyl)-2-(2-phenylhydrazinylidene)ethanal phenylhydrazone,FC(F)(F)C(F)(F)C(F)(F)\C(\C=N\NC1=CC=CC=C1)=N\NC1=CC=CC=C1,C17H13F7N4,Other PFASs,,
DTXSID30897187,"1,3,5,2,4,6-Triazatriphosphorine, 2,2,4,4,6,6-hexakis(2,2,3,3,4,4,4-heptafluorobutoxy)-2,2,4,4,6,6-hexahydro-",FC(F)(F)C(F)(F)C(F)(F)COP1(OCC(F)(F)C(F)(F)C(F)(F)F)=NP(OCC(F)(F)C(F)(F)C(F)(F)F)(OCC(F)(F)C(F)(F)C(F)(F)F)=NP(OCC(F)(F)C(F)(F)C(F)(F)F)(OCC(F)(F)C(F)(F)C(F)(F)F)=N1,C24H12F42N3O6P3,"Other PFASs, cyclic",,
DTXSID40188992,Perfluoroisohexane,FC(F)(F)C(F)(F)C(F)(F)C(F)(C(F)(F)F)C(F)(F)F,C6F14,Other PFASs,,20: OECD hydrofluorocarbons; 23: OECD perfluoroalkane
DTXSID40188997,Perfluorohexadecane,FC(F)(F)C(F)(F)C(F)(F)C(F)(F)C(F)(F)C(F)(F)C(F)(F)C(F)(F)C(F)(F)C(F)(F)C(F)(F)C(F)(F)C(F)(F)C(F)(F)C(F)(F)C(F)(F)F,C16F34,Other PFASs,,20: OECD hydrofluorocarbons; 23: OECD perfluoroalkane
DTXSID40290781,Perfluorobutyrylamidine,NC(=N)C(F)(F)C(F)(F)C(F)(F)F,C4H3F7N2,Other PFASs,,
DTXSID40338632,"1,1,1,2,2,3,3,4,5,5,6,6,6-Tridecafluorohexane",FC(C(F)(F)C(F)(F)F)C(F)(F)C(F)(F)C(F)(F)F,C6HF13,PFAA precursors,,20: OECD hydrofluorocarbons; 21: OECD semi-fluorinated alkanes
DTXSID40340351,AC1LBTUH,FC(F)(F)C(F)(F)C(F)(F)C(F)(F)C(F)(F)C(F)(F)C(F)(F)\C=N\CCC1=CC=CC=C1,C16H10F15N,Other PFASs,,
DTXSID40379287,1-(heptafluoropropyl)-2-iodocyclohexane,FC(F)(F)C(F)(F)C(F)(F)C1CCCCC1I,C9H10F7I,"Other PFASs, cyclic",,
DTXSID40379363,AC1MCPYN,FC(F)(F)C(F)(F)C(F)(F)C(F)(F)C(F)(F)C(F)(F)C(F)(F)COP1(OCC(F)(F)C(F)(F)C(F)(F)C(F)(F)C(F)(F)C(F)(F)C(F)(F)F)=NP(OCC(F)(F)C(F)(F)C(F)(F)C(F)(F)C(F)(F)C(F)(F)C(F)(F)F)(OCC(F)(F)C(F)(F)C(F)(F)C(F)(F)C(F)(F)C(F)(F)C(F)(F)F)=NP(OCC(F)(F)C(F)(F)C(F)(F)C(F)(F)C(F)(F)C(F)(F)C(F)(F)F)(OCC(F)(F)C(F)(F)C(F)(F)C(F)(F)C(F)(F)C(F)(F)C(F)(F)F)=N1,C48H12F90N3O6P3,"Other PFASs, cyclic",,
DTXSID40379560,Methyl Perfluorononanoate,COC(=O)C(F)(F)C(F)(F)C(F)(F)C(F)(F)C(F)(F)C(F)(F)C(F)(F)C(F)(F)F,C10H3F17O2,PFAAs,,
DTXSID40379702,Nonafluorobutylepoxide,FC(F)(F)C(F)(F)C(F)(F)C(F)(F)C1CO1,C6H3F9O,"Other PFASs, cyclic",,
DTXSID40447475,"Silane, trimethyl(tridecafluorohexyl)-",C[Si](C)(C)C(F)(F)C(F)(F)C(F)(F)C(F)(F)C(F)(F)C(F)(F)F,C9H9F13Si,Other PFASs,,
DTXSID40540213,"2,5-Dimethoxyphenyl heptafluorobutanoate",COC1=CC(OC(=O)C(F)(F)C(F)(F)C(F)(F)F)=C(OC)C=C1,C12H9F7O4,Other PFASs,,
DTXSID4059881,Methyl heptafluorobutyrate,COC(=O)C(F)(F)C(F)(F)C(F)(F)F,C5H3F7O2,PFAAs,,
DTXSID4060991,"Hexafluoro-1,3-butadiene",FC(F)=C(F)C(F)=C(F)F,C4F6,Other PFASs,,
DTXSID40655199,"2,2,3,3,4,4,4-Heptafluorobutanimidamide--hydrogen chloride (1/1)",Cl.NC(=N)C(F)(F)C(F)(F)C(F)(F)F,C4H4ClF7N2,Other PFASs,,
DTXSID40880227,Allyl heptafluorobutyrate,FC(F)(F)C(F)(F)C(F)(F)CC(=O)OC=C,C7H5F7O2,Polyfluoroalkyl acids,,
DTXSID40881017,"1,1'-(Oxybis((1-methylethylene)oxy))bis(3-(perfluorododecyl)propan-2-ol)",CC(COCC(O)CC(F)(F)C(F)(F)C(F)(F)C(F)(F)C(F)(F)C(F)(F)C(F)(F)C(F)(F)C(F)(F)C(F)(F)C(F)(F)C(F)(F)F)OC(C)COCC(O)CC(F)(F)C(F)(F)C(F)(F)C(F)(F)C(F)(F)C(F)(F)C(F)(F)C(F)(F)C(F)(F)C(F)(F)C(F)(F)C(F)(F)F,C36H24F50O5,PFAA precursors,,
DTXSID40881032,Bis(2-hydroxyethyl)methyl(3-(perfluorododecyl)-2-hydroxypropyl)ammonium iodide,[I-].C[N+](CCO)(CCO)CC(O)CC(F)(F)C(F)(F)C(F)(F)C(F)(F)C(F)(F)C(F)(F)C(F)(F)C(F)(F)C(F)(F)C(F)(F)C(F)(F)C(F)(F)F,C20H19F25INO3,Other PFASs,,
DTXSID40881052,Bis(2-hydroxyethyl)methyl(3-(perfluorodecyl)-2-hydroxypropyl)ammonium iodide,[I-].C[N+](CCO)(CCO)CC(O)CC(F)(F)C(F)(F)C(F)(F)C(F)(F)C(F)(F)C(F)(F)C(F)(F)C(F)(F)C(F)(F)C(F)(F)F,C18H19F21INO3,Other PFASs,,
DTXSID40881138,((Perfluorododecyl)methyl)oxirane,FC(F)(F)C(F)(F)C(F)(F)C(F)(F)C(F)(F)C(F)(F)C(F)(F)C(F)(F)C(F)(F)C(F)(F)C(F)(F)C(F)(F)CC1CO1,C15H5F25O,"Other PFASs, cyclic",,
DTXSID40881158,"alpha-(2,2,3,3,4,4,5,5,6,6,7,7,8,8,9,9,9-Heptadecafluorononyl)aziridine-1-ethanol",OC(CN1CC1)CC(F)(F)C(F)(F)C(F)(F)C(F)(F)C(F)(F)C(F)(F)C(F)(F)C(F)(F)F,C13H10F17NO,"PFAA precursors, cyclic",,
DTXSID40881234,1-((3-(Dimethylamino)propyl)amino)-3-(perfluoro-7-methyloctyl)propan-2-ol,CN(C)CCCNCC(O)CC(F)(F)C(F)(F)C(F)(F)C(F)(F)C(F)(F)C(F)(F)C(F)(C(F)(F)F)C(F)(F)F,C17H19F19N2O,Other PFASs,,
DTXSID40893256,Perfluorononane sulfonamido ammonium iodide,C[N+](C)(C)CCCNS(=O)C(F)(F)C(F)(F)C(F)(F)C(F)(F)C(F)(F)C(F)(F)C(F)(F)C(F)(F)C(F)(F)F,C15H16F19N2OS,Other PFASs,,
DTXSID40893554,Bis(3-(perfluorooctyl)-2-hydroxypropyl) hydrogen phosphate,OC(COP(O)(=O)OCC(O)CC(F)(F)C(F)(F)C(F)(F)C(F)(F)C(F)(F)C(F)(F)C(F)(F)C(F)(F)F)CC(F)(F)C(F)(F)C(F)(F)C(F)(F)C(F)(F)C(F)(F)C(F)(F)C(F)(F)F,C22H13F34O6P,PFAA precursors,,
DTXSID40895497,"2,2,3,3,4,4,4-Heptafluorobutyl methyl carbonate",COC(=O)OCC(F)(F)C(F)(F)C(F)(F)F,C6H5F7O3,Polyfluoroalkyl acids,,
DTXSID40895619,Triethoxy(henicosafluorodecyl)silane,CCO[Si](OCC)(OCC)C(F)(F)C(F)(F)C(F)(F)C(F)(F)C(F)(F)C(F)(F)C(F)(F)C(F)(F)C(F)(F)C(F)(F)F,C16H15F21O3Si,Other PFASs,,
DTXSID40895679,Ethenyl undecafluorohexanoate,FC(F)(F)C(F)(F)C(F)(F)C(F)(F)C(F)(F)C(=O)OC=C,C8H3F11O2,Polyfluoroalkyl acids,,
DTXSID40895694,"Ethyl 4,4,5,5,6,6,6-heptafluoronorleucinate",CCOC(=O)C(N)CC(F)(F)C(F)(F)C(F)(F)F,C8H10F7NO2,Polyfluoroalkyl acids,,
DTXSID40895750,Prop-2-en-1-yl pentadecafluorooctanoate,FC(F)(F)C(F)(F)C(F)(F)C(F)(F)C(F)(F)C(F)(F)C(F)(F)C(=O)OCC=C,C11H5F15O2,Polyfluoroalkyl acids,,
DTXSID40895932,Ethenyl nonadecafluorodecanoate,FC(F)(F)C(F)(F)C(F)(F)C(F)(F)C(F)(F)C(F)(F)C(F)(F)C(F)(F)C(F)(F)C(=O)OC=C,C12H3F19O2,Polyfluoroalkyl acids,,
DTXSID40895937,3-Methylbutyl heptadecafluorononanoate,CC(C)CCOC(=O)C(F)(F)C(F)(F)C(F)(F)C(F)(F)C(F)(F)C(F)(F)C(F)(F)C(F)(F)F,C14H11F17O2,PFAAs,,
DTXSID40896005,"Bis(2,2,3,3,4,4,4-heptafluorobutyl) phenylphosphonate",FC(F)(F)C(F)(F)C(F)(F)COP(=O)(OCC(F)(F)C(F)(F)C(F)(F)F)c1ccccc1,C14H9F14O3P,Other PFASs,,
DTXSID40896101,"N-(2,2,3,3,4,4,5,5,6,6,7,7,7-Tridecafluoroheptanimidoyl)benzenecarboximidamide",FC(F)(F)C(F)(F)C(F)(F)C(F)(F)C(F)(F)C(F)(F)C(=N)NC(=N)c1ccccc1,C14H8F13N3,Other PFASs,,
DTXSID40896202,"N-[(2,2,3,3,4,4,5,5,6,6,7,7,7-Tridecafluoroheptanimidoyl)oxy]benzenecarboximidamide",FC(F)(F)C(F)(F)C(F)(F)C(F)(F)C(F)(F)C(F)(F)C(=N)ONC(=N)c1ccccc1,C14H8F13N3O,Other PFASs,,
DTXSID40896222,"4-(Heptafluoropropyl)-7,8-dimethyl-1,3-dihydro-2H-1,5-benzodiazepin-2-one",Cc1cc2NC(=O)CC(=Nc2cc1C)C(F)(F)C(F)(F)C(F)(F)F,C14H11F7N2O,Other PFASs,,
DTXSID40896262,"Ethyl 3-[4-(dimethylamino)phenyl]-2-(1,1,2,2,3,3,4,4,4-nonafluorobutane-1-sulfonyl)prop-2-enoate",CCOC(=O)C(=Cc1ccc(cc1)N(C)C)S(=O)(=O)C(F)(F)C(F)(F)C(F)(F)C(F)(F)F,C17H16F9NO4S,Other PFASs,,
DTXSID40896287,"Diethyl 2,6-dihydroxy-2,6-bis(nonafluorobutyl)-4-phenyloxane-3,5-dicarboxylate",CCOC(=O)C1C(C(C(=O)OCC)C(O)(OC1(O)C(F)(F)C(F)(F)C(F)(F)C(F)(F)F)C(F)(F)C(F)(F)C(F)(F)C(F)(F)F)c1ccccc1,C25H20F18O7,Other PFASs,,
DTXSID40896722,"1-[Bis(1,1,2,2,3,3,4,4,4-nonafluorobutane-1-sulfonyl)methanesulfonyl]-1,1,2,2,3,3,4,4,4-nonafluorobutane",FC(F)(F)C(F)(F)C(F)(F)C(F)(F)S(=O)(=O)C(S(=O)(=O)C(F)(F)C(F)(F)C(F)(F)C(F)(F)F)S(=O)(=O)C(F)(F)C(F)(F)C(F)(F)C(F)(F)F,C13HF27O6S3,Other PFASs,,
DTXSID40897310,Perfluoro-2-methyl-3-(propan-2-yl)pentan-3-yl,FC(F)(F)C(F)(F)[C](C(F)(C(F)(F)F)C(F)(F)F)C(F)(C(F)(F)F)C(F)(F)F,C9F19,Other PFASs,,
DTXSID50185114,"Orthobutyric acid, heptafluoro-, cyclic ester with 2-ethyl-2-(hydroxymethyl)-1,3-propanediol (1:1)",CCC12COC(OC1)(OC2)C(F)(F)C(F)(F)C(F)(F)F,C10H11F7O3,"PFAA precursors, cyclic",,
DTXSID50188882,Perflisobutane,FC(F)(F)C(F)(C(F)(F)F)C(F)(F)F,C4F10,Other PFASs,,20: OECD hydrofluorocarbons; 23: OECD perfluoroalkane
DTXSID50198289,Perfluoro dimethylethylpentane,FC(F)(F)C(F)(F)C(F)(C(F)(C(F)(F)F)C(F)(F)F)C(F)(C(F)(F)F)C(F)(F)F,C9F20,Other PFASs,,20: OECD hydrofluorocarbons; 23: OECD perfluoroalkane
DTXSID50235603,"1,1,1,2,2,3,4,4,5,5,5-Undecafluoro-3-(trifluoromethyl)pentane",FC(F)(F)C(F)(F)C(F)(C(F)(F)F)C(F)(F)C(F)(F)F,C6F14,Other PFASs,,20: OECD hydrofluorocarbons; 23: OECD perfluoroalkane
DTXSID5027140,Perfluorooctanesulfonyl fluoride,FC(F)(F)C(F)(F)C(F)(F)C(F)(F)C(F)(F)C(F)(F)C(F)(F)C(F)(F)S(F)(=O)=O,C8F18O2S,PFAA precursors,,26: OECD perfluoroalkane sulfonyl fluorides
DTXSID50306049,"2,2,3,3,4,4,5,5,6,6,7,7,8,8,8-Pentadecafluorooctyl 4-methylbenzene-1-sulfonate",CC1=CC=C(C=C1)S(=O)(=O)OCC(F)(F)C(F)(F)C(F)(F)C(F)(F)C(F)(F)C(F)(F)C(F)(F)F,C15H9F15O3S,Other PFASs,,
DTXSID50335697,Ethyl nonafluoropentanoate,CCOC(=O)C(F)(F)C(F)(F)C(F)(F)C(F)(F)F,C7H5F9O2,PFAAs,,
DTXSID50377678,Methyl perfluorotetradecanoate,COC(=O)C(F)(F)C(F)(F)C(F)(F)C(F)(F)C(F)(F)C(F)(F)C(F)(F)C(F)(F)C(F)(F)C(F)(F)C(F)(F)C(F)(F)C(F)(F)F,C15H3F27O2,PFAAs,,
DTXSID50379576,Methyl tetrafluoro-2-(trifluoromethyl)propionate,COC(=O)C(F)(C(F)(F)F)C(F)(F)F,C5H3F7O2,Polyfluoroalkyl acids,,
DTXSID50379718,"3-methyl-4-(2,2,3,3,4,4,5,5,5-nonafluoropentyl)cyclopentane-1,1-dicarboxylic Acid",CC1CC(CC1CC(F)(F)C(F)(F)C(F)(F)C(F)(F)F)(C(O)=O)C(O)=O,C13H13F9O4,"Polyfluoroalkyl acids, cyclic",,
DTXSID50380763,4-Vinylbenzyl perfluorooctanoate,FC(F)(F)C(F)(F)C(F)(F)C(F)(F)C(F)(F)C(F)(F)C(F)(F)C(=O)OCC1=CC=C(C=C)C=C1,C17H9F15O2,Other PFASs,,
DTXSID50382065,"1h,1h-nonafluoropentyl p-toluenesulfonate",CC1=CC=C(C=C1)S(=O)(=O)OCC(F)(F)C(F)(F)C(F)(F)C(F)(F)F,C12H9F9O3S,Other PFASs,,
DTXSID50470118,"Silane, triethoxy(heptadecafluorooctyl)-",CCO[Si](OCC)(OCC)C(F)(F)C(F)(F)C(F)(F)C(F)(F)C(F)(F)C(F)(F)C(F)(F)C(F)(F)F,C14H15F17O3Si,Other PFASs,,
DTXSID50528481,[(Tridecafluorohexyl)sulfanyl]benzene,FC(F)(F)C(F)(F)C(F)(F)C(F)(F)C(F)(F)C(F)(F)SC1=CC=CC=C1,C12H5F13S,Other PFASs,,
DTXSID50540603,2-(Heptafluoropropyl)cyclohexan-1-one,FC(F)(F)C(F)(F)C(F)(F)C1CCCCC1=O,C9H9F7O,"Other PFASs, cyclic",,
DTXSID50540683,"3-(Heptadecafluorooctyl)-1,2,4-trioxolane",FC(F)(F)C(F)(F)C(F)(F)C(F)(F)C(F)(F)C(F)(F)C(F)(F)C(F)(F)C1OCOO1,C10H3F17O3,"PFAA precursors, cyclic",,
DTXSID5059795,Perfluorodecanesulphonyl fluoride,FC(F)(F)C(F)(F)C(F)(F)C(F)(F)C(F)(F)C(F)(F)C(F)(F)C(F)(F)C(F)(F)C(F)(F)S(F)(=O)=O,C10F22O2S,PFAA precursors,,26: OECD perfluoroalkane sulfonyl fluorides
DTXSID5059876,Perfluorobutane,FC(F)(F)C(F)(F)C(F)(F)C(F)(F)F,C4F10,Other PFASs,,20: OECD hydrofluorocarbons; 23: OECD perfluoroalkane
DTXSID5062849,Ethyl perfluorooctanoate,CCOC(=O)C(F)(F)C(F)(F)C(F)(F)C(F)(F)C(F)(F)C(F)(F)C(F)(F)F,C10H5F15O2,PFAAs,,
DTXSID50631767,"1-Cyano-2,2,3,3,4,4,4-heptafluorobutyl dimethyl phosphate",COP(=O)(OC)OC(C#N)C(F)(F)C(F)(F)C(F)(F)F,C7H7F7NO4P,Other PFASs,,
DTXSID5075230,"1H,6H-Perfluorohexane",FC(F)C(F)(F)C(F)(F)C(F)(F)C(F)(F)C(F)F,C6H2F12,PFAA precursors,,20: OECD hydrofluorocarbons; 21: OECD semi-fluorinated alkanes
DTXSID50880137,Perfluoropentanesulfonyl fluoride,FC(F)(F)C(F)(F)C(F)(F)C(F)(F)C(F)(F)S(F)(=O)=O,C5F12O2S,PFAA precursors,,26: OECD perfluoroalkane sulfonyl fluorides
DTXSID50880415,"3-(Perfluorooctyl)-1,2-propenoxide",FC(F)(F)C(F)(F)C(F)(F)C(F)(F)C(F)(F)C(F)(F)C(F)(F)C(F)(F)CC1CO1,C11H5F17O,"Other PFASs, cyclic",,
DTXSID50881028,"32-(Perfluoro-7-methyloctyl)-2,5,8,11,14,17,20,23,26,29-decaoxadotriacontan-31-ol",COCCOCCOCCOCCOCCOCCOCCOCCOCCOCC(O)CC(F)(F)C(F)(F)C(F)(F)C(F)(F)C(F)(F)C(F)(F)C(F)(C(F)(F)F)C(F)(F)F,C31H45F19O11,PFAA precursors,,
DTXSID50881144,Bis(2-hydroxyethyl)methyl(1-(perfluoro-11-methyldodecyl))-2-hydroxyprop-3-ylammonium iodide,[I-].C[N+](CCO)(CCO)CC(O)CC(F)(F)C(F)(F)C(F)(F)C(F)(F)C(F)(F)C(F)(F)C(F)(F)C(F)(F)C(F)(F)C(F)(F)C(F)(C(F)(F)F)C(F)(F)F,C21H19F27INO3,Other PFASs,,
DTXSID50881149,Bis(2-hydroxyethyl)methyl(1(-perfluoro-7-methyloctyl))-2-hydroxyprop-3-ylammonium iodide,[I-].C[N+](CCO)(CCO)CC(O)CC(F)(F)C(F)(F)C(F)(F)C(F)(F)C(F)(F)C(F)(F)C(F)(C(F)(F)F)C(F)(F)F,C17H19F19INO3,Other PFASs,,
DTXSID50881164,"4-((Perfluoro-7-methyloctyl)methyl)-2,2-dimethyl-1,3-dioxolane",CC1(C)OCC(CC(F)(F)C(F)(F)C(F)(F)C(F)(F)C(F)(F)C(F)(F)C(F)(C(F)(F)F)C(F)(F)F)O1,C15H11F19O2,"PFAA precursors, cyclic",,
DTXSID50894956,"1,1,1,2,2,3,3-heptafluorobutane",CC(F)(F)C(F)(F)C(F)(F)F,C4H3F7,PFAA precursors,,20: OECD hydrofluorocarbons
DTXSID50895160,"1,1,1,2,2,3,3,4,4,5,5-Undecafluoropentane",FC(F)C(F)(F)C(F)(F)C(F)(F)C(F)(F)F,C5HF11,PFAA precursors,,20: OECD hydrofluorocarbons; 21: OECD semi-fluorinated alkanes
DTXSID50895342,"1,1,1,2,2,3,3,4,4,5,5,6,6,7,7,8,8,9,9,10,10,11,11,12,12,13,13,14,14-Nonacosafluorotetradecane",FC(F)C(F)(F)C(F)(F)C(F)(F)C(F)(F)C(F)(F)C(F)(F)C(F)(F)C(F)(F)C(F)(F)C(F)(F)C(F)(F)C(F)(F)C(F)(F)F,C14HF29,PFAA precursors,,20: OECD hydrofluorocarbons; 21: OECD semi-fluorinated alkanes
DTXSID50895443,"4,4,5,5,6,6,7,7,8,8,9,9,9-Tridecafluoro-2-methylnonanenitrile",CC(CC(F)(F)C(F)(F)C(F)(F)C(F)(F)C(F)(F)C(F)(F)F)C#N,C10H6F13N,Other PFASs,,
DTXSID50895463,"4,4-Bis(ethylsulfanyl)-1,1,1,2,2,3,3-heptafluorobutane",CCSC(SCC)C(F)(F)C(F)(F)C(F)(F)F,C8H11F7S2,Other PFASs,,
DTXSID50895564,"4,4,5,5,6,6,6-Heptafluorohexan-2-yl acetate",CC(CC(F)(F)C(F)(F)C(F)(F)F)OC(C)=O,C8H9F7O2,Polyfluoroalkyl acids,,
DTXSID50895569,Hexyl heptafluorobutanoate,CCCCCCOC(=O)C(F)(F)C(F)(F)C(F)(F)F,C10H13F7O2,PFAAs,,
DTXSID50895645,"2-[3,3,4,4,5,5,5-Heptafluoro-2,2-bis(trifluoromethyl)pentyl]oxirane",FC(F)(F)C(F)(F)C(F)(F)C(CC1CO1)(C(F)(F)F)C(F)(F)F,C9H5F13O,"Other PFASs, cyclic",,
DTXSID50895726,Prop-2-en-1-yl tridecafluoroheptanoate,FC(F)(F)C(F)(F)C(F)(F)C(F)(F)C(F)(F)C(F)(F)C(=O)OCC=C,C10H5F13O2,Polyfluoroalkyl acids,,
DTXSID50895761,Methyl pentacosafluorotridecanoate,COC(=O)C(F)(F)C(F)(F)C(F)(F)C(F)(F)C(F)(F)C(F)(F)C(F)(F)C(F)(F)C(F)(F)C(F)(F)C(F)(F)C(F)(F)F,C14H3F25O2,PFAAs,,
DTXSID50896036,"Ethyl (2E)-3-(1,1,2,2,3,3,4,4,4-nonafluorobutane-1-sulfinyl)prop-2-enoate",CCOC(=O)\C=C\S(=O)C(F)(F)C(F)(F)C(F)(F)C(F)(F)F,C9H7F9O3S,Polyfluoroalkyl acids,,
DTXSID50896117,"N'-(Benzenesulfonyl)-2,2,3,3,4,4,4-heptafluorobutanimidohydrazide",FC(F)(F)C(F)(F)C(F)(F)C(=N)NNS(=O)(=O)c1ccccc1,C10H8F7N3O2S,Other PFASs,,
DTXSID50896718,(2R)-2-(Acetyloxy)-3-(hexadecyloxy)propyl heptafluorobutanoate,CCCCCCCCCCCCCCCCOC[C@H](COC(=O)C(F)(F)C(F)(F)C(F)(F)F)OC(C)=O,C25H41F7O5,PFAAs,,
DTXSID50896955,Tetrahydro(perfluorobutyl)furan,FC(F)(F)C(F)(F)C(F)(F)C(F)(F)C1CCCO1,C8H7F9O,"Other PFASs, cyclic",,
DTXSID50896975,(S)-Perfluorobutanesulfinamide,N[S@](=O)C(F)(F)C(F)(F)C(F)(F)C(F)(F)F,C4H2F9NOS,Other PFASs,,
DTXSID50897467,bis(Perfluorobutylsulfonyl)methylenephenyliodine,FC(F)(F)C(F)(F)C(F)(F)C(F)(F)S(=O)(=O)C(=[I]C1=CC=CC=C1)S(=O)(=O)C(F)(F)C(F)(F)C(F)(F)C(F)(F)F,C15H5F18IO4S2,Other PFASs,,
DTXSID60162012,"Hexane, 1-(pentafluorothio)-tridecafluoro-",FC(F)(F)C(F)(F)C(F)(F)C(F)(F)C(F)(F)C(F)(F)S(F)(F)(F)(F)F,C6F18S,Other PFASs,,
DTXSID60184456,Ethyl perfluorononan-1-oate,CCOC(=O)C(F)(F)C(F)(F)C(F)(F)C(F)(F)C(F)(F)C(F)(F)C(F)(F)C(F)(F)F,C11H5F17O2,PFAAs,,
DTXSID60189067,Vinyl perfluorobutyrate,FC(F)(F)C(F)(F)C(F)(F)C(=O)OC=C,C6H3F7O2,Polyfluoroalkyl acids,,
DTXSID60190951,1-H-Perflurodecane,FC(F)C(F)(F)C(F)(F)C(F)(F)C(F)(F)C(F)(F)C(F)(F)C(F)(F)C(F)(F)C(F)(F)F,C10HF21,PFAA precursors,,20: OECD hydrofluorocarbons; 21: OECD semi-fluorinated alkanes
DTXSID60191024,Dotetracontafluoroicosane,FC(F)(F)C(F)(F)C(F)(F)C(F)(F)C(F)(F)C(F)(F)C(F)(F)C(F)(F)C(F)(F)C(F)(F)C(F)(F)C(F)(F)C(F)(F)C(F)(F)C(F)(F)C(F)(F)C(F)(F)C(F)(F)C(F)(F)C(F)(F)F,C20F42,Other PFASs,,20: OECD hydrofluorocarbons; 23: OECD perfluoroalkane
DTXSID60330471,"1,1,1,2,2,3,3,4,4-Nonafluoro-4-(methanesulfonyl)butane",CS(=O)(=O)C(F)(F)C(F)(F)C(F)(F)C(F)(F)F,C5H3F9O2S,Other PFASs,,
DTXSID60334479,Perfluorononane,FC(F)(F)C(F)(F)C(F)(F)C(F)(F)C(F)(F)C(F)(F)C(F)(F)C(F)(F)C(F)(F)F,C9F20,Other PFASs,,20: OECD hydrofluorocarbons; 23: OECD perfluoroalkane
DTXSID60335704,"Heptanoic acid, tridecafluoro-, propyl ester",CCCOC(=O)C(F)(F)C(F)(F)C(F)(F)C(F)(F)C(F)(F)C(F)(F)F,C10H7F13O2,PFAAs,,
DTXSID60338250,Methyl Perfluorododecanoate,COC(=O)C(F)(F)C(F)(F)C(F)(F)C(F)(F)C(F)(F)C(F)(F)C(F)(F)C(F)(F)C(F)(F)C(F)(F)C(F)(F)F,C13H3F23O2,PFAAs,,
DTXSID60369822,Methyl Perfluorodecanoate,COC(=O)C(F)(F)C(F)(F)C(F)(F)C(F)(F)C(F)(F)C(F)(F)C(F)(F)C(F)(F)C(F)(F)F,C11H3F19O2,PFAAs,,
DTXSID60374976,Methyl perfluorohexadecanoate,COC(=O)C(F)(F)C(F)(F)C(F)(F)C(F)(F)C(F)(F)C(F)(F)C(F)(F)C(F)(F)C(F)(F)C(F)(F)C(F)(F)C(F)(F)C(F)(F)C(F)(F)C(F)(F)F,C17H3F31O2,PFAAs,,
DTXSID60379709,"2-(2,2,3,3,4,4,5,5,5-Nonafluoropentyl)oxirane",FC(F)(F)C(F)(F)C(F)(F)C(F)(F)CC1CO1,C7H5F9O,"Other PFASs, cyclic",,
DTXSID60379941,"1H,8H-Perfluorooctane",FC(F)C(F)(F)C(F)(F)C(F)(F)C(F)(F)C(F)(F)C(F)(F)C(F)F,C8H2F16,PFAA precursors,,20: OECD hydrofluorocarbons; 21: OECD semi-fluorinated alkanes
DTXSID60382071,"1h,1h-perfluorohexyl p-toluenesulfonate",CC1=CC=C(C=C1)S(=O)(=O)OCC(F)(F)C(F)(F)C(F)(F)C(F)(F)C(F)(F)F,C13H9F11O3S,Other PFASs,,
DTXSID60382157,"2,2,3,3,4,4,5,5,5-nonafluoropentanenitrile",FC(F)(F)C(F)(F)C(F)(F)C(F)(F)C#N,C5F9N,Other PFASs,,
DTXSID60467913,2-Methyl-2-trifluoromethylperfluoropentane,CC(C(F)(F)F)(C(F)(F)F)C(F)(F)C(F)(F)C(F)(F)F,C7H3F13,PFAA precursors,,20: OECD hydrofluorocarbons
DTXSID60541222,"Cadmium bis(1,1,2,2,3,3,4,4,4-nonafluorobutan-1-ide)",[Cd++].F[C-](F)C(F)(F)C(F)(F)C(F)(F)F.F[C-](F)C(F)(F)C(F)(F)C(F)(F)F,C8CdF18,Other PFASs,,
DTXSID60554473,5-(Nonafluorobutyl)bicyclo[2.2.1]hept-2-ene,[H]C12CC(C([H])(C1)C=C2)C(F)(F)C(F)(F)C(F)(F)C(F)(F)F,C11H9F9,"PFAA precursors, cyclic",,
DTXSID60792479,"1,1,1,2,2,3,3,4,4-Nonafluoro-4-(prop-1-ene-1-sulfonyl)butane",CC=CS(=O)(=O)C(F)(F)C(F)(F)C(F)(F)C(F)(F)F,C7H5F9O2S,Other PFASs,,
DTXSID60852340,"2-(1,1,2,2,3,3,4,4,4-Nonafluorobutane-1-sulfonyl)-1-phenylethan-1-one",FC(F)(F)C(F)(F)C(F)(F)C(F)(F)S(=O)(=O)CC(=O)C1=CC=CC=C1,C12H7F9O3S,Other PFASs,,
DTXSID60880421,"(2,2,3,3,4,4,5,5,6,6,7,7,8,9,9,9-Hexadecafluoro-8-(trifluoromethyl)nonyl)oxirane",FC(F)(F)C(F)(C(F)(F)F)C(F)(F)C(F)(F)C(F)(F)C(F)(F)C(F)(F)C(F)(F)CC1CO1,C12H5F19O,"Other PFASs, cyclic",,
DTXSID60881019,"1,1'-(Oxybis(propyleneoxy))bis(3-(perfluorooctyl)propan-2-ol)",CC(COCC(O)CC(F)(F)C(F)(F)C(F)(F)C(F)(F)C(F)(F)C(F)(F)C(F)(F)C(F)(F)F)OC(C)COCC(O)CC(F)(F)C(F)(F)C(F)(F)C(F)(F)C(F)(F)C(F)(F)C(F)(F)C(F)(F)F,C28H24F34O5,PFAA precursors,,
DTXSID60881150,1-((3-(Dimethylamino)propyl)amino)-(3-(perfluorododecyl))propan-2-ol,CN(C)CCCNCC(O)CC(F)(F)C(F)(F)C(F)(F)C(F)(F)C(F)(F)C(F)(F)C(F)(F)C(F)(F)C(F)(F)C(F)(F)C(F)(F)C(F)(F)F,C20H19F25N2O,Other PFASs,,
DTXSID60893354,Perfluoro-2-methylheptane,FC(F)(F)C(F)(F)C(F)(F)C(F)(F)C(F)(F)C(F)(C(F)(F)F)C(F)(F)F,C8F18,Other PFASs,,20: OECD hydrofluorocarbons; 23: OECD perfluoroalkane
DTXSID60895292,2-(Heptafluoropropyl)oxirane,FC(F)(F)C(F)(F)C(F)(F)C1CO1,C5H3F7O,"Other PFASs, cyclic",,
DTXSID60895318,"N-Chloro-2,2,3,3,4,4,4-heptafluorobutanimidamide",FC(F)(F)C(F)(F)C(F)(F)C(=N)NCl,C4H2ClF7N2,Other PFASs,,
DTXSID60895499,Hexatetracontafluorodocosane,FC(F)(F)C(F)(F)C(F)(F)C(F)(F)C(F)(F)C(F)(F)C(F)(F)C(F)(F)C(F)(F)C(F)(F)C(F)(F)C(F)(F)C(F)(F)C(F)(F)C(F)(F)C(F)(F)C(F)(F)C(F)(F)C(F)(F)C(F)(F)C(F)(F)C(F)(F)F,C22F46,Other PFASs,,20: OECD hydrofluorocarbons; 23: OECD perfluoroalkane
DTXSID60895535,"4,4,5,5,6,6,6-Heptafluoro-L-norleucine",N[C@@H](CC(F)(F)C(F)(F)C(F)(F)F)C(O)=O,C6H6F7NO2,Polyfluoroalkyl acids,,
DTXSID60895696,"2,2,3,3,4,4,5,5,6,6,6-Undecafluorohexyl methanesulfonate",CS(=O)(=O)OCC(F)(F)C(F)(F)C(F)(F)C(F)(F)C(F)(F)F,C7H5F11O3S,Polyfluoroalkyl acids,,
DTXSID60895737,2-[(2-Methylprop-2-enoyl)oxy]ethyl heptafluorobutanoate,CC(=C)C(=O)OCCOC(=O)C(F)(F)C(F)(F)C(F)(F)F,C10H9F7O4,Polyfluoroalkyl acids,,
DTXSID60895757,"1,1,2,2,3,3,4,4,4-Nonafluoro-N-methyl-N-(trimethylstannyl)butane-1-sulfinamide",CN(S(=O)C(F)(F)C(F)(F)C(F)(F)C(F)(F)F)[Sn](C)(C)C,C8H12F9NOSSn,Other PFASs,,
DTXSID60896087,Ethyl 4-[(nonafluorobutyl)sulfanyl]benzoate,CCOC(=O)c1ccc(SC(F)(F)C(F)(F)C(F)(F)C(F)(F)F)cc1,C13H9F9O2S,Other PFASs,,
DTXSID60896103,"2,2,3,3,4,4,5,5,6,6,7,7,7-Tridecafluoroheptyl 4-methylbenzene-1-sulfonate",Cc1ccc(cc1)S(=O)(=O)OCC(F)(F)C(F)(F)C(F)(F)C(F)(F)C(F)(F)C(F)(F)F,C14H9F13O3S,Other PFASs,,
DTXSID60896148,"Tris{4-[3,3,4,4,5,5,5-heptafluoro-2,2-bis(trifluoromethyl)pentyl]phenyl}phosphane",FC(F)(F)C(F)(F)C(F)(F)C(Cc1ccc(cc1)P(c1ccc(CC(C(F)(F)F)(C(F)(F)F)C(F)(F)C(F)(F)C(F)(F)F)cc1)c1ccc(CC(C(F)(F)F)(C(F)(F)F)C(F)(F)C(F)(F)C(F)(F)F)cc1)(C(F)(F)F)C(F)(F)F,C39H18F39P,Other PFASs,,
DTXSID60896188,"(1Z,4Z,9Z,12E)-2,10-Di-tert-butyl-4,12-bis(heptafluoropropyl)-1,5,9,13-tetraazacyclohexadeca-1,4,9,12-tetraene",CC(C)(C)C1=NCCCN=C(CC(=NCCCN=C(C1)C(F)(F)C(F)(F)C(F)(F)F)C(C)(C)C)C(F)(F)C(F)(F)C(F)(F)F,C26H34F14N4,"Other PFASs, cyclic",,
DTXSID60897094,"1H,2H,2H-perfluorooctanal (2,4-dinitrophenyl)hydrazone",[O-][N+](=O)C1=CC(=C(N\N=C\CC(F)(F)C(F)(F)C(F)(F)C(F)(F)C(F)(F)C(F)(F)F)C=C1)[N+]([O-])=O,C14H7F13N4O4,Other PFASs,,
DTXSID60897211,N-[(Perfluorobutyl)phenyl-lambda4-sulfanylidene]acetamide,CC(=O)\N=S(/C1=CC=CC=C1)C(F)(F)C(F)(F)C(F)(F)C(F)(F)F,C12H8F9NOS,Other PFASs,,
DTXSID60897554,"Decane-1,10-diyl bis(heptafluorobutanoate)",FC(F)(F)C(F)(F)C(F)(F)C(=O)OCCCCCCCCCCOC(=O)C(F)(F)C(F)(F)C(F)(F)F,C18H20F14O4,PFAAs,,
DTXSID70215028,Perfluorooctanenitrile,FC(F)(F)C(F)(F)C(F)(F)C(F)(F)C(F)(F)C(F)(F)C(F)(F)C#N,C8F15N,Other PFASs,,
DTXSID70237967,Tridecafluorohexanesulphenyl chloride,FC(F)(F)C(F)(F)C(F)(F)C(F)(F)C(F)(F)C(F)(F)SCl,C6ClF13S,Other PFASs,,
DTXSID70334445,"Perfluoro-2,3-dimethylbutane",FC(F)(F)C(F)(C(F)(F)F)C(F)(C(F)(F)F)C(F)(F)F,C6F14,Other PFASs,,20: OECD hydrofluorocarbons; 23: OECD perfluoroalkane
DTXSID70335836,1H-Perfluorononane,FC(F)C(F)(F)C(F)(F)C(F)(F)C(F)(F)C(F)(F)C(F)(F)C(F)(F)C(F)(F)F,C9HF19,PFAA precursors,,20: OECD hydrofluorocarbons; 21: OECD semi-fluorinated alkanes
DTXSID70381151,Perfluorooctanamidine,NC(=N)C(F)(F)C(F)(F)C(F)(F)C(F)(F)C(F)(F)C(F)(F)C(F)(F)F,C8H3F15N2,Other PFASs,,
DTXSID70399897,"Silane, (heptadecafluorooctyl)trimethyl-",C[Si](C)(C)C(F)(F)C(F)(F)C(F)(F)C(F)(F)C(F)(F)C(F)(F)C(F)(F)C(F)(F)F,C11H9F17Si,Other PFASs,,
DTXSID70400078,(Heptafluoropropyl)trimethylsilane,C[Si](C)(C)C(F)(F)C(F)(F)C(F)(F)F,C6H9F7Si,Other PFASs,,
DTXSID70432935,"2,2-bis(Trifluoromethyl)perfluoropropane",FC(F)(F)C(C(F)(F)F)(C(F)(F)F)C(F)(F)F,C5F12,Other PFASs,,20: OECD hydrofluorocarbons; 23: OECD perfluoroalkane
DTXSID7046548,Perflexane,FC(F)(F)C(F)(F)C(F)(F)C(F)(F)C(F)(F)C(F)(F)F,C6F14,Other PFASs,,20: OECD hydrofluorocarbons; 23: OECD perfluoroalkane
DTXSID70724665,"1,1,1,3,3,5-Hexafluoro-5-(heptadecafluorooctyl)-5-(pentafluoroethyl)trisiloxane",FC(F)(F)C(F)(F)C(F)(F)C(F)(F)C(F)(F)C(F)(F)C(F)(F)C(F)(F)[Si](F)(O[Si](F)(F)O[Si](F)(F)F)C(F)(F)C(F)(F)F,C10F28O2Si3,Other PFASs,,
DTXSID70805307,"(1E)-2,2,3,3,4,4,4-Heptafluoro-N-phenylbutan-1-imine",FC(F)(F)C(F)(F)C(F)(F)\C=N\C1=CC=CC=C1,C10H6F7N,Other PFASs,,
DTXSID70824497,"3-(1,1,2,2,3,3,4,4,4-Nonafluorobutane-1-sulfonyl)propan-1-ol",OCCCS(=O)(=O)C(F)(F)C(F)(F)C(F)(F)C(F)(F)F,C7H7F9O3S,Other PFASs,,
DTXSID70881000,"Heptane, 1,1,1,2,3,3,4,5,5,6,7,7,7-tridecafluoro-2,4,6-tris(trifluoromethyl)-",FC(F)(F)C(F)(C(F)(F)F)C(F)(F)C(F)(C(F)(F)F)C(F)(F)C(F)(C(F)(F)F)C(F)(F)F,C10F22,Other PFASs,,20: OECD hydrofluorocarbons; 23: OECD perfluoroalkane
DTXSID70881020,"1,1'-(Oxybis((1-methylethylene)oxy))bis(3-(perfluoro-11-methyldodecyl)propan-2-ol)",CC(COCC(O)CC(F)(F)C(F)(F)C(F)(F)C(F)(F)C(F)(F)C(F)(F)C(F)(F)C(F)(F)C(F)(F)C(F)(F)C(F)(C(F)(F)F)C(F)(F)F)OC(C)COCC(O)CC(F)(F)C(F)(F)C(F)(F)C(F)(F)C(F)(F)C(F)(F)C(F)(F)C(F)(F)C(F)(F)C(F)(F)C(F)(C(F)(F)F)C(F)(F)F,C38H24F54O5,PFAA precursors,,
DTXSID70881025,"32-(Perfluorooctyl)-2,5,8,11,14,17,20,23,26,29-decaoxadotriacontan-31-ol",COCCOCCOCCOCCOCCOCCOCCOCCOCCOCC(O)CC(F)(F)C(F)(F)C(F)(F)C(F)(F)C(F)(F)C(F)(F)C(F)(F)C(F)(F)F,C30H45F17O11,PFAA precursors,,
DTXSID70881161,Potassium N-((perfluorooctyl)-2-hydroxypropyl)-N-methylglycinate,[K+].CN(CC(O)CC(F)(F)C(F)(F)C(F)(F)C(F)(F)C(F)(F)C(F)(F)C(F)(F)C(F)(F)F)CC([O-])=O,C14H11F17KNO3,Polyfluoroalkyl acids,,
DTXSID70881166,1-Phenoxy(3-(perfluoro-7-methyloctyl)propan-2-ol),OC(COC1=CC=CC=C1)CC(F)(F)C(F)(F)C(F)(F)C(F)(F)C(F)(F)C(F)(F)C(F)(C(F)(F)F)C(F)(F)F,C18H11F19O2,Other PFASs,,
DTXSID70881368,Bis[(perfluoro-7-methyloctyl)-2-hydroxypropyl] hydrogen phosphate,OC(COP(O)(=O)OCC(O)CC(F)(F)C(F)(F)C(F)(F)C(F)(F)C(F)(F)C(F)(F)C(F)(C(F)(F)F)C(F)(F)F)CC(F)(F)C(F)(F)C(F)(F)C(F)(F)C(F)(F)C(F)(F)C(F)(C(F)(F)F)C(F)(F)F,C24H13F38O6P,PFAA precursors,,
DTXSID70893305,4-Oxo-4-[(3-(perfluorooctyl)-2-hydroxypropyl)amino]-(Z)-2-butenoic acid,[H]\C(=C(/[H])C(=O)NCC(O)CC(F)(F)C(F)(F)C(F)(F)C(F)(F)C(F)(F)C(F)(F)C(F)(F)C(F)(F)F)C(O)=O,C15H10F17NO4,Polyfluoroalkyl acids,,
DTXSID70893320,2-[[3-[(Perfluorooctyl)sulfonyl]propyl]amino]ethyl-2-propenoate,FC(F)(F)C(F)(F)C(F)(F)C(F)(F)C(F)(F)C(F)(F)C(F)(F)C(F)(F)S(=O)(=O)CCCNCCOC(=O)C=C,C16H14F17NO4S,PFAA precursors,,
DTXSID70893340,"N-(2-Carboxyethyl)-3-[(perfluoro-1-oxononyl)amino]-N,N-dimethyl-1-propanaminium",C[N+](C)(CCC\N=C(/O)C(F)(F)C(F)(F)C(F)(F)C(F)(F)C(F)(F)C(F)(F)C(F)(F)C(F)(F)F)CCC(O)=O,C17H18F17N2O3,Polyfluoroalkyl acids,,
DTXSID70895541,"4,4,5,5,6,6,6-Heptafluoronorleucine",NC(CC(F)(F)C(F)(F)C(F)(F)F)C(O)=O,C6H6F7NO2,Polyfluoroalkyl acids,,
DTXSID70895682,"S-Ethyl 3,3,4,4,5,5,5-heptafluoro-2-(2-oxopropyl)pentanethioate",CCSC(=O)C(CC(C)=O)C(F)(F)C(F)(F)C(F)(F)F,C10H11F7O2S,PFAA precursors,,
DTXSID70895763,Butyl heptadecafluorononanoate,CCCCOC(=O)C(F)(F)C(F)(F)C(F)(F)C(F)(F)C(F)(F)C(F)(F)C(F)(F)C(F)(F)F,C13H9F17O2,PFAAs,,
DTXSID70895945,"Ethyl [(2,2,3,3,4,4,4-heptafluorobutanimidoyl)oxy]acetate",CCOC(=O)COC(=N)C(F)(F)C(F)(F)C(F)(F)F,C8H8F7NO3,Polyfluoroalkyl acids,,
DTXSID70895960,"4-(2,2,3,3,4,4,5,5,5-Nonafluoropentyl)-1,3-dioxolan-2-one",FC(F)(F)C(F)(F)C(F)(F)C(F)(F)CC1COC(=O)O1,C8H5F9O3,"PFAA precursors, cyclic",,
DTXSID70896013,"[(1,1,2,2,3,3,4,4,4-Nonafluorobutane-1-sulfonyl)methyl]benzene",FC(F)(F)C(F)(F)C(F)(F)C(F)(F)S(=O)(=O)Cc1ccccc1,C11H7F9O2S,Other PFASs,,
DTXSID70896018,3-(Tridecafluorohexyl)oxan-2-ol,OC1OCCCC1C(F)(F)C(F)(F)C(F)(F)C(F)(F)C(F)(F)C(F)(F)F,C11H9F13O2,"PFAA precursors, cyclic",,
DTXSID70896038,"[1-(1,1,2,2,3,3,4,4,4-Nonafluorobutane-1-sulfinyl)ethenyl]benzene",FC(F)(F)C(F)(F)C(F)(F)C(F)(F)S(=O)C(=C)c1ccccc1,C12H7F9OS,Other PFASs,,
DTXSID70896053,Benzyl heptadecafluorononanoate,FC(F)(F)C(F)(F)C(F)(F)C(F)(F)C(F)(F)C(F)(F)C(F)(F)C(F)(F)C(=O)OCc1ccccc1,C16H7F17O2,Other PFASs,,
DTXSID70896674,Trimethylsilyl heptafluorobutanoate,C[Si](C)(C)OC(=O)C(F)(F)C(F)(F)C(F)(F)F,C7H9F7O2Si,Other PFASs,,
DTXSID70897025,"[N(E),S(S)]-N-(4-methylphenyl)methyleneperfluorobutanesulfinamide",[H]\C(=N/[S@@](=O)C(F)(F)C(F)(F)C(F)(F)C(F)(F)F)C1=CC=C(C)C=C1,C12H8F9NOS,Other PFASs,,
DTXSID70897040,Ethyl (2E)-2-[(S)-perfluorobutylsulfinylimino]acetate,[H]\C(=N/S(=O)C(F)(F)C(F)(F)C(F)(F)C(F)(F)F)C(=O)OCC,C8H6F9NO3S,Polyfluoroalkyl acids,,
DTXSID70897045,"Silver, (6,6,7,7,8,8,8-heptafluoro-2,2-dimethyl-3,5-octanedionato-?O3,?O5)(triethylphosphine)-",CCP(CC)(CC)[Ag]1OC(CC(O1)C(F)(F)C(F)(F)C(F)(F)F)C(C)(C)C,C16H29AgF7O2P,"Other PFASs, cyclic",,
DTXSID70897464,"Heptafluorobutanoic acid anhydride, compd. with dihexyl phosphonate (2:1)",[H]P(=O)(OCCCCCC)OCCCCCC.FC(F)(F)C(F)(F)C(F)(F)C(=O)OC(=O)C(F)(F)C(F)(F)C(F)(F)F.FC(F)(F)C(F)(F)C(F)(F)C(=O)OC(=O)C(F)(F)C(F)(F)C(F)(F)F,C28H27F28O9P,PFAAs,,
DTXSID80194350,Ethyl perfluoroheptanoate,CCOC(=O)C(F)(F)C(F)(F)C(F)(F)C(F)(F)C(F)(F)C(F)(F)F,C9H5F13O2,PFAAs,,
DTXSID80313488,"[(1,1,2,2,3,3,4,4,4-Nonafluorobutane-1-sulfonyl)ethynyl]benzene",FC(F)(F)C(F)(F)C(F)(F)C(F)(F)S(=O)(=O)C#CC1=CC=CC=C1,C12H5F9O2S,Other PFASs,,
DTXSID80315129,Perfluoro-1-butanesulfonyl chloride,FC(F)(F)C(F)(F)C(F)(F)C(F)(F)S(Cl)(=O)=O,C4ClF9O2S,PFAA precursors,,
DTXSID80379822,Perfluoroheptanoic anhydride,FC(F)(F)C(F)(F)C(F)(F)C(F)(F)C(F)(F)C(F)(F)C(=O)OC(=O)C(F)(F)C(F)(F)C(F)(F)C(F)(F)C(F)(F)C(F)(F)F,C14F26O3,PFAAs,,
DTXSID80379908,"2-[2,2,3,3,4,4,5,5,6,7,7,7-dodecafluoro-6-(trifluoromethyl)heptyl]oxirane",FC(F)(F)C(F)(C(F)(F)F)C(F)(F)C(F)(F)C(F)(F)C(F)(F)CC1CO1,C10H5F15O,"Other PFASs, cyclic",,
DTXSID8052019,Perfluoroheptane,FC(F)(F)C(F)(F)C(F)(F)C(F)(F)C(F)(F)C(F)(F)C(F)(F)F,C7F16,Other PFASs,,20: OECD hydrofluorocarbons; 23: OECD perfluoroalkane
DTXSID80535320,3-(Trifluorosilyl)propyl nonafluoropentanoate,FC(F)(F)C(F)(F)C(F)(F)C(F)(F)C(=O)OCCC[Si](F)(F)F,C8H6F12O2Si,Other PFASs,,
DTXSID80544033,Undecafluorohexanenitrile,FC(F)(F)C(F)(F)C(F)(F)C(F)(F)C(F)(F)C#N,C6F11N,Other PFASs,,
DTXSID8059924,Methyl perfluorooctanoate,COC(=O)C(F)(F)C(F)(F)C(F)(F)C(F)(F)C(F)(F)C(F)(F)C(F)(F)F,C9H3F15O2,PFAAs,,
DTXSID80617574,"1,1,1,3,3,5,5,5-Octafluoro-2,2,4,4-tetrakis(trifluoromethyl)pentane",FC(F)(F)C(C(F)(F)F)(C(F)(F)F)C(F)(F)C(C(F)(F)F)(C(F)(F)F)C(F)(F)F,C9F20,Other PFASs,,20: OECD hydrofluorocarbons; 23: OECD perfluoroalkane
DTXSID80813332,"2,2,3,3,4,4,4-Heptafluoro-N-phenylbutanethioamide",FC(F)(F)C(F)(F)C(F)(F)C(=S)NC1=CC=CC=C1,C10H6F7NS,Other PFASs,,
DTXSID80826669,"1,1,1,2,2,3,3,5,6,6,6-Undecafluoro-4,4,5-tris(trifluoromethyl)hexane",FC(F)(F)C(F)(F)C(F)(F)C(C(F)(F)F)(C(F)(F)F)C(F)(C(F)(F)F)C(F)(F)F,C9F20,Other PFASs,,20: OECD hydrofluorocarbons; 23: OECD perfluoroalkane
DTXSID80871634,1-Hydroperfluoroheptane,FC(F)C(F)(F)C(F)(F)C(F)(F)C(F)(F)C(F)(F)C(F)(F)F,C7HF15,PFAA precursors,,20: OECD hydrofluorocarbons; 21: OECD semi-fluorinated alkanes
DTXSID80880120,Perfluoro-2-methyl-3-ethylpentane,FC(F)(F)C(F)(F)C(F)(C(F)(F)C(F)(F)F)C(F)(C(F)(F)F)C(F)(F)F,C8F18,Other PFASs,,20: OECD hydrofluorocarbons; 23: OECD perfluoroalkane
DTXSID80880387,Perfluorooctanoic anhydride,FC(F)(F)C(F)(F)C(F)(F)C(F)(F)C(F)(F)C(F)(F)C(F)(F)C(=O)OC(=O)C(F)(F)C(F)(F)C(F)(F)C(F)(F)C(F)(F)C(F)(F)C(F)(F)F,C16F30O3,PFAAs,,
DTXSID80880463,"(1H,1H-Perfluoro-14-methylpentadecyl)oxirane",FC(F)(F)C(F)(C(F)(F)F)C(F)(F)C(F)(F)C(F)(F)C(F)(F)C(F)(F)C(F)(F)C(F)(F)C(F)(F)C(F)(F)C(F)(F)C(F)(F)C(F)(F)CC1CO1,C18H5F31O,"Other PFASs, cyclic",,
DTXSID80881016,(2-Carboxylatoethyl)dimethyl(((perfluorododecyl)-2-hydroxypropyl)amino)propylammonium,[H]N(CCC[N+]([H])(CC)CCC([O-])=O)CC(O)CC(F)(F)C(F)(F)C(F)(F)C(F)(F)C(F)(F)C(F)(F)C(F)(F)C(F)(F)C(F)(F)C(F)(F)C(F)(F)C(F)(F)F,C23H23F25N2O3,Polyfluoroalkyl acids,,
DTXSID80881031,(2-Carboxylatoethyl)-3-((perfluoro-11-methyldodecyl)-2-hydroxypropyl)aminopropyldimethylammonium,C[N+](C)(CCCNCC(O)CC(F)(F)C(F)(F)C(F)(F)C(F)(F)C(F)(F)C(F)(F)C(F)(F)C(F)(F)C(F)(F)C(F)(F)C(F)(C(F)(F)F)C(F)(F)F)CCC([O-])=O,C24H23F27N2O3,Polyfluoroalkyl acids,,
DTXSID80881137,"1-(Perfluoro-7-methyloctyl)-4,7,10-trioxatetradecan-2-ol",CCCCOCCOCCOCC(O)CC(F)(F)C(F)(F)C(F)(F)C(F)(F)C(F)(F)C(F)(F)C(F)(C(F)(F)F)C(F)(F)F,C20H23F19O4,PFAA precursors,,
DTXSID80881152,1-((3-(Dimethylamino)propyl)amino)-(3-(perfluorooctyl))propan-2-ol,CN(C)CCCNCC(O)CC(F)(F)C(F)(F)C(F)(F)C(F)(F)C(F)(F)C(F)(F)C(F)(F)C(F)(F)F,C16H19F17N2O,Other PFASs,,
DTXSID80881238,"[2,3,3,3-Tetrafluoro-2-(trifluoromethyl)propyl]oxirane",FC(F)(F)C(F)(CC1CO1)C(F)(F)F,C6H5F7O,"Other PFASs, cyclic",,
DTXSID80895456,"2,2,3,3,4,4,5,5,6,6,6-Undecafluorohexanimidamide",NC(=N)C(F)(F)C(F)(F)C(F)(F)C(F)(F)C(F)(F)F,C6H3F11N2,Other PFASs,,
DTXSID80895476,"2,2,3,3,4,4,4-Heptafluoro-N-hydroxybutanimidamide",ONC(=N)C(F)(F)C(F)(F)C(F)(F)F,C4H3F7N2O,Other PFASs,,
DTXSID80895597,"1-(Dimethylamino)-4,4,5,5,6,6,7,7,7-nonafluoroheptan-2-ol",CN(C)CC(O)CC(F)(F)C(F)(F)C(F)(F)C(F)(F)F,C9H12F9NO,Other PFASs,,
DTXSID80895734,Ethenyl tridecafluoroheptanoate,FC(F)(F)C(F)(F)C(F)(F)C(F)(F)C(F)(F)C(F)(F)C(=O)OC=C,C9H3F13O2,Polyfluoroalkyl acids,,
DTXSID80896160,"(4S)-4-Benzyl-2-(heptafluoropropyl)-4,5-dihydro-1,3-oxazole",FC(F)(F)C(F)(F)C(F)(F)C1=N[C@@H](Cc2ccccc2)CO1,C13H10F7NO,Other PFASs,,
DTXSID80896206,"4-(Nonafluorobutyl)-1,3-dihydro-2H-1,5-benzodiazepin-2-one",FC(F)(F)C(F)(F)C(F)(F)C(F)(F)C1=Nc2ccccc2NC(=O)C1,C13H7F9N2O,Other PFASs,,
DTXSID80896281,"4-(4-Methoxyphenyl)-2-methyl-5-(1,1,2,2,3,3,4,4,5,5,6,6,6-tridecafluorohexane-1-sulfonyl)-1,2-oxazolidine",COc1ccc(cc1)C1CN(C)OC1S(=O)(=O)C(F)(F)C(F)(F)C(F)(F)C(F)(F)C(F)(F)C(F)(F)F,C17H14F13NO4S,Other PFASs,,
DTXSID80896367,"Benzyl 2,3,3,3-tetrafluoro-2-(trifluoromethyl)propanoate",FC(F)(F)C(F)(C(=O)OCc1ccccc1)C(F)(F)F,C11H7F7O2,Other PFASs,,
DTXSID80896988,1-Methylethyl perfluorobutanimidoate,CC(C)OC(=N)C(F)(F)C(F)(F)C(F)(F)F,C7H8F7NO,Other PFASs,,
DTXSID80897051,"[N(E),S(S)]-N-(4-nitrophenyl)methyleneperfluorobutanesulfinamide",[H]\C(=N/[S@@](=O)C(F)(F)C(F)(F)C(F)(F)C(F)(F)F)C1=CC=C(C=C1)[N+]([O-])=O,C11H5F9N2O3S,Other PFASs,,
DTXSID80897253,2-C-(Nonafluorobutyl)-?-L-ribofuranose,[H][C@@]1(CO)O[C@]([H])(O)[C@@](O)([C@@]1([H])O)C(F)(F)C(F)(F)C(F)(F)C(F)(F)F,C9H9F9O5,"PFAA precursors, cyclic",,
DTXSID90184727,Perfluorotetradecane,FC(F)(F)C(F)(F)C(F)(F)C(F)(F)C(F)(F)C(F)(F)C(F)(F)C(F)(F)C(F)(F)C(F)(F)C(F)(F)C(F)(F)C(F)(F)C(F)(F)F,C14F30,Other PFASs,,20: OECD hydrofluorocarbons; 23: OECD perfluoroalkane
DTXSID90185113,"Orthobutyric acid, heptafluoro-, cyclic ester with 2-(hydroxymethyl)-2-methyl-1,3-propanediol (1:1)",CC12COC(OC1)(OC2)C(F)(F)C(F)(F)C(F)(F)F,C9H9F7O3,"PFAA precursors, cyclic",,
DTXSID90276353,Perfluorobutyltetrahydrofuran,FC(F)(F)C(F)(F)C(F)(F)C(F)(F)C1CCCO1,C8H7F9O,"Other PFASs, cyclic",,
DTXSID90315130,Perfluoro-1-octanesulfonyl chloride,FC(F)(F)C(F)(F)C(F)(F)C(F)(F)C(F)(F)C(F)(F)C(F)(F)C(F)(F)S(Cl)(=O)=O,C8ClF17O2S,PFAA precursors,,
DTXSID90328947,"(1Z)-2,2,3,3,4,4,4-Heptafluoro-N'-(2,2,3,3,4,4,4-heptafluorobutanimidoyl)butanimidamide",N\C(=N/C(=N)C(F)(F)C(F)(F)C(F)(F)F)C(F)(F)C(F)(F)C(F)(F)F,C8H3F14N3,Other PFASs,,
DTXSID90366248,"2,2,3,3,4,4,4-Heptafluorobutyl 4-methylbenzene-1-sulfonate",CC1=CC=C(C=C1)S(=O)(=O)OCC(F)(F)C(F)(F)C(F)(F)F,C11H9F7O3S,Other PFASs,,
DTXSID90370986,"1-[3-Methylidene-4-(2,2,3,3,4,4,5,5,5-nonafluoropentyl)pyrrolidin-1-yl]ethan-1-one",CC(=O)N1CC(CC(F)(F)C(F)(F)C(F)(F)C(F)(F)F)C(=C)C1,C12H12F9NO,"Other PFASs, cyclic",,
DTXSID90434613,"Hexanoic acid, 4,4,5,5,6,6,6-heptafluoro-2-methyl-, methyl ester",COC(=O)C(C)CC(F)(F)C(F)(F)C(F)(F)F,C8H9F7O2,Polyfluoroalkyl acids,,
DTXSID90448210,2H-Perfluoro(2-methylpentane),FC(F)(F)C(C(F)(F)F)C(F)(F)C(F)(F)C(F)(F)F,C6HF13,PFAA precursors,,20: OECD hydrofluorocarbons; 21: OECD semi-fluorinated alkanes
DTXSID90505110,"2,3,3,3-Tetrafluoro-2-(trifluoromethyl)propanenitrile",FC(F)(F)C(F)(C#N)C(F)(F)F,C4F7N,Other PFASs,,
DTXSID9052503,Perflutren,FC(F)(F)C(F)(F)C(F)(F)F,C3F8,Other PFASs,,20: OECD hydrofluorocarbons; 23: OECD perfluoroalkane
DTXSID9059830,Perfluoroheptanesulphonyl fluoride,FC(F)(F)C(F)(F)C(F)(F)C(F)(F)C(F)(F)C(F)(F)C(F)(F)S(F)(=O)=O,C7F16O2S,PFAA precursors,,26: OECD perfluoroalkane sulfonyl fluorides
DTXSID9059882,Ethyl heptafluorobutyrate,CCOC(=O)C(F)(F)C(F)(F)C(F)(F)F,C6H5F7O2,PFAAs,,
DTXSID9059913,Heptafluorobutyronitrile,FC(F)(F)C(F)(F)C(F)(F)C#N,C4F7N,Other PFASs,,
DTXSID9074721,Perfluoro-2-methylbutane,FC(F)(F)C(F)(F)C(F)(C(F)(F)F)C(F)(F)F,C5F12,Other PFASs,,20: OECD hydrofluorocarbons; 23: OECD perfluoroalkane
DTXSID90872298,Perfluorodecane,FC(F)(F)C(F)(F)C(F)(F)C(F)(F)C(F)(F)C(F)(F)C(F)(F)C(F)(F)C(F)(F)C(F)(F)F,C10F22,Other PFASs,,20: OECD hydrofluorocarbons; 23: OECD perfluoroalkane
DTXSID90880151,"Perfluoro-3,4-dimethylhexane",FC(F)(F)C(F)(F)C(F)(C(F)(F)F)C(F)(C(F)(F)F)C(F)(F)C(F)(F)F,C8F18,Other PFASs,,20: OECD hydrofluorocarbons; 23: OECD perfluoroalkane
DTXSID90881022,"1,1'-(Oxybis(propyleneoxy))bis(3-(perfluoro-7-methyloctyl)propan-2-ol)",CC(COCC(O)CC(F)(F)C(F)(F)C(F)(F)C(F)(F)C(F)(F)C(F)(F)C(F)(C(F)(F)F)C(F)(F)F)OC(C)COCC(O)CC(F)(F)C(F)(F)C(F)(F)C(F)(F)C(F)(F)C(F)(F)C(F)(C(F)(F)F)C(F)(F)F,C30H24F38O5,PFAA precursors,,
DTXSID90881027,"32-(Perfluoro-9-methyldecyl)-2,5,8,11,14,17,20,23,26,29-decaoxodotriacontan-31-ol",CC(=O)CCC(=O)CCC(=O)CCC(=O)CCC(=O)CCC(=O)CCC(=O)CCC(=O)CCC(=O)CCC(=O)CC(O)CC(F)(F)C(F)(F)C(F)(F)C(F)(F)C(F)(F)C(F)(F)C(F)(F)C(F)(F)C(F)(C(F)(F)F)C(F)(F)F,C43H45F23O11,PFAA precursors,,
DTXSID90881062,(2-Carboxylatoethyl)-3-((perfluoro-9-methyldecyl)-2-hydroxypropyl)aminopropyldimethylammonium,[H]N(CCC[N+](C)(C)CCC([O-])=O)CC(O)CC(F)(F)C(F)(F)C(F)(F)C(F)(F)C(F)(F)C(F)(F)C(F)(F)C(F)(F)C(F)(C(F)(F)F)C(F)(F)F,C22H23F23N2O3,Polyfluoroalkyl acids,,
DTXSID90881148,Bis(2-hydroxyethyl)methyl(1-(perfluoro-9-methyldecyl))-2-hydroxyprop-3-ylammonium iodide,[I-].C[N+](CCO)(CCO)CC(O)CC(F)(F)C(F)(F)C(F)(F)C(F)(F)C(F)(F)C(F)(F)C(F)(F)C(F)(F)C(F)(C(F)(F)F)C(F)(F)F,C19H19F23INO3,Other PFASs,,
DTXSID90881163,Potassium N-((perfluoro-7-methyloctyl)-2-hydroxypropyl)-N-methylaminoacetate,[K+].CN(CC(O)CC(F)(F)C(F)(F)C(F)(F)C(F)(F)C(F)(F)C(F)(F)C(F)(C(F)(F)F)C(F)(F)F)CC([O-])=O,C15H11F19KNO3,Polyfluoroalkyl acids,,
DTXSID90895200,Trimethyl(nonafluorobutyl)silane,C[Si](C)(C)C(F)(F)C(F)(F)C(F)(F)C(F)(F)F,C7H9F9Si,Other PFASs,,
DTXSID90895361,"2,2,3,3,4,4,4-Heptafluorobutanethioamide",NC(=S)C(F)(F)C(F)(F)C(F)(F)F,C4H2F7NS,Other PFASs,,
DTXSID90895523,"2,2,3,3,4,4,5,5,6,6,7,7,7-Tridecafluoroheptanimidamide",NC(=N)C(F)(F)C(F)(F)C(F)(F)C(F)(F)C(F)(F)C(F)(F)F,C7H3F13N2,Other PFASs,,
DTXSID90895528,"2-(2,2,3,3,4,4,4-Heptafluorobutyl)-1,3-dioxolane",FC(F)(F)C(F)(F)C(F)(F)CC1OCCO1,C7H7F7O2,"PFAA precursors, cyclic",,
DTXSID90895705,"10,10-Diethoxy-1,1,1,2,2,3,3,4,4,5,5,6,6,7,7,8,8-heptadecafluorodecane",CCOC(CC(F)(F)C(F)(F)C(F)(F)C(F)(F)C(F)(F)C(F)(F)C(F)(F)C(F)(F)F)OCC,C14H13F17O2,PFAA precursors,,
DTXSID90896050,"[S-(1,1,2,2,3,3,4,4,4-Nonafluorobutane-1-)sulfonimidoyl]benzene",FC(F)(F)C(F)(F)C(F)(F)C(F)(F)S(=N)(=O)c1ccccc1,C10H6F9NOS,Other PFASs,,
DTXSID90896277,"4-Hydroxy-3-(hydroxyimino)-4-(nonafluorobutyl)-1,3,4,5-tetrahydro-2H-1,5-benzodiazepin-2-one",ON=C1C(=O)NC2=CC=CC=C2NC1(O)C(F)(F)C(F)(F)C(F)(F)C(F)(F)F,C13H8F9N3O3,Other PFASs,,
DTXSID90896358,"1-Amino-4,4,5,5,6,6,7,7,8,8,9,9,10,11,11,11-hexadecafluoro-10-(trifluoromethyl)undecan-2-ol",NCC(O)CC(F)(F)C(F)(F)C(F)(F)C(F)(F)C(F)(F)C(F)(F)C(F)(C(F)(F)F)C(F)(F)F,C12H8F19NO,Other PFASs,,
DTXSID90896717,"2,2,3,3,4,4,4-Heptafluorobutyl diphenylphosphinate",FC(F)(F)C(F)(F)C(F)(F)COP(=O)(c1ccccc1)c1ccccc1,C16H12F7O2P,Other PFASs,,
DTXSID90896732,"17-Oxoestra-1,3,5(10)-trien-3-yl heptafluorobutanoate",C[C@]12CC[C@H]3[C@@H](CCc4cc(OC(=O)C(F)(F)C(F)(F)C(F)(F)F)ccc34)[C@@H]1CCC2=O,C22H21F7O3,Other PFASs,,
DTXSID90897047,"[N(E),S(S)]-N-(4-chlorophenyl)methyleneperfluorobutanesulfinamide",[H]\C(=N/[S@@](=O)C(F)(F)C(F)(F)C(F)(F)C(F)(F)F)C1=CC=C(Cl)C=C1,C11H5ClF9NOS,Other PFASs,,
DTXSID90897466,N-[(4-Bromophenyl)(perfluorobutyl)-?4-sulfanylidene]acetamide,CC(=O)\N=S(/C1=CC=C(Br)C=C1)C(F)(F)C(F)(F)C(F)(F)C(F)(F)F,C12H7BrF9NOS,Other PFASs,,
DTXSID90897486,"(3?,5?)-Cholestan-3-ol 2,3,3,4,4,5,5,6,6,7,7,8,8,8-tetradecafluorooctanoate",[H]C(C)(CCCC(C)C)[C@@]1([H])CC[C@@]2([H])[C@]3([H])CC[C@@]4([H])C[C@]([H])(CC[C@]4(C)[C@@]3([H])CC[C@]12C)OC(=O)C([H])(F)C(F)(F)C(F)(F)C(F)(F)C(F)(F)C(F)(F)C(F)(F)F,C35H48F14O2,"Polyfluoroalkyl acids, cyclic",,
DTXSID90897542,Undecafluoroiodopentane,"F*.F*.FC(F)C(F)C(F)C(F)(F)C(F)(F)F.I* |lp:0:3,2:3,4:3,6:3,8:3,10:3,12:3,13:3,15:3,16:3,17:3,18:3,m:1:5.7,3:7.9,19:5.7.9|",-,Other PFASs,,25: OECD perfluoroalkyl iodides
